Trade Date,Options Class,Underlying,Product Type,Exchange,Volume
2010/08/10,AMZN,AMZN,S,CBOE,10391
2010/08/11,AMZN,AMZN,S,CBOE,13468
2010/08/12,AMZN,AMZN,S,CBOE,11556
2010/08/13,AMZN,AMZN,S,CBOE,8140
2010/08/16,AMZN,AMZN,S,CBOE,8792
2010/08/17,AMZN,AMZN,S,CBOE,11458
2010/08/18,AMZN,AMZN,S,CBOE,15494
2010/08/19,AMZN,AMZN,S,CBOE,14055
2010/08/20,AMZN,AMZN,S,CBOE,10746
2010/08/23,AMZN,AMZN,S,CBOE,8166
2010/08/24,AMZN,AMZN,S,CBOE,12248
2010/08/25,AMZN,AMZN,S,CBOE,8822
2010/08/26,AMZN,AMZN,S,CBOE,7847
2010/08/27,AMZN,AMZN,S,CBOE,10732
2010/08/30,AMZN,AMZN,S,CBOE,6157
2010/08/31,AMZN,AMZN,S,CBOE,6847
2010/09/01,AMZN,AMZN,S,CBOE,12178
2010/09/02,AMZN,AMZN,S,CBOE,17074
2010/09/03,AMZN,AMZN,S,CBOE,18434
2010/09/07,AMZN,AMZN,S,CBOE,7606
2010/09/08,AMZN,AMZN,S,CBOE,11024
2010/09/09,AMZN,AMZN,S,CBOE,10150
2010/09/10,AMZN,AMZN,S,CBOE,14177
2010/09/13,AMZN,AMZN,S,CBOE,14070
2010/09/14,AMZN,AMZN,S,CBOE,9958
2010/09/15,AMZN,AMZN,S,CBOE,12455
2010/09/16,AMZN,AMZN,S,CBOE,17624
2010/09/17,AMZN,AMZN,S,CBOE,11805
2010/09/20,AMZN,AMZN,S,CBOE,20645
2010/09/21,AMZN,AMZN,S,CBOE,15525
2010/09/22,AMZN,AMZN,S,CBOE,12271
2010/09/23,AMZN,AMZN,S,CBOE,24656
2010/09/24,AMZN,AMZN,S,CBOE,37805
2010/09/27,AMZN,AMZN,S,CBOE,18638
2010/09/28,AMZN,AMZN,S,CBOE,21968
2010/09/29,AMZN,AMZN,S,CBOE,14914
2010/09/30,AMZN,AMZN,S,CBOE,17488
2010/10/01,AMZN,AMZN,S,CBOE,26132
2010/10/04,AMZN,AMZN,S,CBOE,16047
2010/10/05,AMZN,AMZN,S,CBOE,18541
2010/10/06,AMZN,AMZN,S,CBOE,22643
2010/10/07,AMZN,AMZN,S,CBOE,14495
2010/10/08,AMZN,AMZN,S,CBOE,20312
2010/10/11,AMZN,AMZN,S,CBOE,9807
2010/10/12,AMZN,AMZN,S,CBOE,11836
2010/10/13,AMZN,AMZN,S,CBOE,10634
2010/10/14,AMZN,AMZN,S,CBOE,13532
2010/10/15,AMZN,AMZN,S,CBOE,33620
2010/10/18,AMZN,AMZN,S,CBOE,13078
2010/10/19,AMZN,AMZN,S,CBOE,17919
2010/10/20,AMZN,AMZN,S,CBOE,14529
2010/10/21,AMZN,AMZN,S,CBOE,67687
2010/10/22,AMZN,AMZN,S,CBOE,70832
2010/10/25,AMZN,AMZN,S,CBOE,21877
2010/10/26,AMZN,AMZN,S,CBOE,16478
2010/10/27,AMZN,AMZN,S,CBOE,14890
2010/10/28,AMZN,AMZN,S,CBOE,12075
2010/10/29,AMZN,AMZN,S,CBOE,13711
2010/11/01,AMZN,AMZN,S,CBOE,12590
2010/11/02,AMZN,AMZN,S,CBOE,16819
2010/11/03,AMZN,AMZN,S,CBOE,20040
2010/11/04,AMZN,AMZN,S,CBOE,28070
2010/11/05,AMZN,AMZN,S,CBOE,36842
2010/11/08,AMZN,AMZN,S,CBOE,24325
2010/11/09,AMZN,AMZN,S,CBOE,14186
2010/11/10,AMZN,AMZN,S,CBOE,12356
2010/11/11,AMZN,AMZN,S,CBOE,13888
2010/11/12,AMZN,AMZN,S,CBOE,30501
2010/11/15,AMZN,AMZN,S,CBOE,36999
2010/11/16,AMZN,AMZN,S,CBOE,20471
2010/11/17,AMZN,AMZN,S,CBOE,12245
2010/11/18,AMZN,AMZN,S,CBOE,19133
2010/11/19,AMZN,AMZN,S,CBOE,18243
2010/11/22,AMZN,AMZN,S,CBOE,25570
2010/11/23,AMZN,AMZN,S,CBOE,19158
2010/11/24,AMZN,AMZN,S,CBOE,49934
2010/11/26,AMZN,AMZN,S,CBOE,23857
2010/11/29,AMZN,AMZN,S,CBOE,30582
2010/11/30,AMZN,AMZN,S,CBOE,16066
2010/12/01,AMZN,AMZN,S,CBOE,15470
2010/12/02,AMZN,AMZN,S,CBOE,21227
2010/12/03,AMZN,AMZN,S,CBOE,15302
2010/12/06,AMZN,AMZN,S,CBOE,15988
2010/12/07,AMZN,AMZN,S,CBOE,20452
2010/12/08,AMZN,AMZN,S,CBOE,10309
2010/12/09,AMZN,AMZN,S,CBOE,14357
2010/12/10,AMZN,AMZN,S,CBOE,15149
2010/12/13,AMZN,AMZN,S,CBOE,11943
2010/12/14,AMZN,AMZN,S,CBOE,12179
2010/12/15,AMZN,AMZN,S,CBOE,20354
2010/12/16,AMZN,AMZN,S,CBOE,15338
2010/12/17,AMZN,AMZN,S,CBOE,15576
2010/12/20,AMZN,AMZN,S,CBOE,38701
2010/12/21,AMZN,AMZN,S,CBOE,21856
2010/12/22,AMZN,AMZN,S,CBOE,12144
2010/12/23,AMZN,AMZN,S,CBOE,12830
2010/12/27,AMZN,AMZN,S,CBOE,9820
2010/12/28,AMZN,AMZN,S,CBOE,6476
2010/12/29,AMZN,AMZN,S,CBOE,11719
2010/12/30,AMZN,AMZN,S,CBOE,8404
2010/12/31,AMZN,AMZN,S,CBOE,15128
2011/01/03,AMZN,AMZN,S,CBOE,13241
2011/01/04,AMZN,AMZN,S,CBOE,18624
2011/01/05,AMZN,AMZN,S,CBOE,11379
2011/01/06,AMZN,AMZN,S,CBOE,9849
2011/01/07,AMZN,AMZN,S,CBOE,22816
2011/01/10,AMZN,AMZN,S,CBOE,11706
2011/01/11,AMZN,AMZN,S,CBOE,8843
2011/01/12,AMZN,AMZN,S,CBOE,9805
2011/01/13,AMZN,AMZN,S,CBOE,9582
2011/01/14,AMZN,AMZN,S,CBOE,15285
2011/01/18,AMZN,AMZN,S,CBOE,15011
2011/01/19,AMZN,AMZN,S,CBOE,16363
2011/01/20,AMZN,AMZN,S,CBOE,21661
2011/01/21,AMZN,AMZN,S,CBOE,27146
2011/01/24,AMZN,AMZN,S,CBOE,28559
2011/01/25,AMZN,AMZN,S,CBOE,21834
2011/01/26,AMZN,AMZN,S,CBOE,14671
2011/01/27,AMZN,AMZN,S,CBOE,88538
2011/01/28,AMZN,AMZN,S,CBOE,71117
2011/01/31,AMZN,AMZN,S,CBOE,14806
2011/02/01,AMZN,AMZN,S,CBOE,10119
2011/02/02,AMZN,AMZN,S,CBOE,12944
2011/02/03,AMZN,AMZN,S,CBOE,13161
2011/02/04,AMZN,AMZN,S,CBOE,20904
2011/02/07,AMZN,AMZN,S,CBOE,13200
2011/02/08,AMZN,AMZN,S,CBOE,22257
2011/02/09,AMZN,AMZN,S,CBOE,29493
2011/02/10,AMZN,AMZN,S,CBOE,17785
2011/02/11,AMZN,AMZN,S,CBOE,24855
2011/02/14,AMZN,AMZN,S,CBOE,18899
2011/02/15,AMZN,AMZN,S,CBOE,10781
2011/02/16,AMZN,AMZN,S,CBOE,24065
2011/02/17,AMZN,AMZN,S,CBOE,12875
2011/02/18,AMZN,AMZN,S,CBOE,16895
2011/02/22,AMZN,AMZN,S,CBOE,16498
2011/02/23,AMZN,AMZN,S,CBOE,22582
2011/02/24,AMZN,AMZN,S,CBOE,15706
2011/02/25,AMZN,AMZN,S,CBOE,15645
2011/02/28,AMZN,AMZN,S,CBOE,22058
2011/03/01,AMZN,AMZN,S,CBOE,15656
2011/03/02,AMZN,AMZN,S,CBOE,15720
2011/03/03,AMZN,AMZN,S,CBOE,9321
2011/03/04,AMZN,AMZN,S,CBOE,13621
2011/03/07,AMZN,AMZN,S,CBOE,14377
2011/03/08,AMZN,AMZN,S,CBOE,11719
2011/03/09,AMZN,AMZN,S,CBOE,16943
2011/03/10,AMZN,AMZN,S,CBOE,15019
2011/03/11,AMZN,AMZN,S,CBOE,14725
2011/03/14,AMZN,AMZN,S,CBOE,10195
2011/03/15,AMZN,AMZN,S,CBOE,11347
2011/03/16,AMZN,AMZN,S,CBOE,10863
2011/03/17,AMZN,AMZN,S,CBOE,13486
2011/03/18,AMZN,AMZN,S,CBOE,18562
2011/03/21,AMZN,AMZN,S,CBOE,15061
2011/03/22,AMZN,AMZN,S,CBOE,8675
2011/03/23,AMZN,AMZN,S,CBOE,11545
2011/03/24,AMZN,AMZN,S,CBOE,25070
2011/03/25,AMZN,AMZN,S,CBOE,13601
2011/03/28,AMZN,AMZN,S,CBOE,9212
2011/03/29,AMZN,AMZN,S,CBOE,12770
2011/03/30,AMZN,AMZN,S,CBOE,35333
2011/03/31,AMZN,AMZN,S,CBOE,32801
2011/04/01,AMZN,AMZN,S,CBOE,25438
2011/04/04,AMZN,AMZN,S,CBOE,18682
2011/04/05,AMZN,AMZN,S,CBOE,19316
2011/04/06,AMZN,AMZN,S,CBOE,19094
2011/04/07,AMZN,AMZN,S,CBOE,17906
2011/04/08,AMZN,AMZN,S,CBOE,15792
2011/04/11,AMZN,AMZN,S,CBOE,10304
2011/04/12,AMZN,AMZN,S,CBOE,14197
2011/04/13,AMZN,AMZN,S,CBOE,10784
2011/04/14,AMZN,AMZN,S,CBOE,18456
2011/04/15,AMZN,AMZN,S,CBOE,24525
2011/04/18,AMZN,AMZN,S,CBOE,11124
2011/04/19,AMZN,AMZN,S,CBOE,5879
2011/04/20,AMZN,AMZN,S,CBOE,11015
2011/04/21,AMZN,AMZN,S,CBOE,12788
2011/04/25,AMZN,AMZN,S,CBOE,13407
2011/04/26,AMZN,AMZN,S,CBOE,47075
2011/04/27,AMZN,AMZN,S,CBOE,88445
2011/04/28,AMZN,AMZN,S,CBOE,29769
2011/04/29,AMZN,AMZN,S,CBOE,25680
2011/05/02,AMZN,AMZN,S,CBOE,42502
2011/05/03,AMZN,AMZN,S,CBOE,26513
2011/05/04,AMZN,AMZN,S,CBOE,24048
2011/05/05,AMZN,AMZN,S,CBOE,19352
2011/05/06,AMZN,AMZN,S,CBOE,20145
2011/05/09,AMZN,AMZN,S,CBOE,21062
2011/05/10,AMZN,AMZN,S,CBOE,28622
2011/05/11,AMZN,AMZN,S,CBOE,17534
2011/05/12,AMZN,AMZN,S,CBOE,19987
2011/05/13,AMZN,AMZN,S,CBOE,23889
2011/05/16,AMZN,AMZN,S,CBOE,38869
2011/05/17,AMZN,AMZN,S,CBOE,25278
2011/05/18,AMZN,AMZN,S,CBOE,15576
2011/05/19,AMZN,AMZN,S,CBOE,20230
2011/05/20,AMZN,AMZN,S,CBOE,19449
2011/05/23,AMZN,AMZN,S,CBOE,18950
2011/05/24,AMZN,AMZN,S,CBOE,10719
2011/05/25,AMZN,AMZN,S,CBOE,10393
2011/05/26,AMZN,AMZN,S,CBOE,12940
2011/05/27,AMZN,AMZN,S,CBOE,10775
2011/05/31,AMZN,AMZN,S,CBOE,8665
2011/06/01,AMZN,AMZN,S,CBOE,10736
2011/06/02,AMZN,AMZN,S,CBOE,9692
2011/06/03,AMZN,AMZN,S,CBOE,19465
2011/06/06,AMZN,AMZN,S,CBOE,14492
2011/06/07,AMZN,AMZN,S,CBOE,13395
2011/06/08,AMZN,AMZN,S,CBOE,9134
2011/06/09,AMZN,AMZN,S,CBOE,9709
2011/06/10,AMZN,AMZN,S,CBOE,15801
2011/06/13,AMZN,AMZN,S,CBOE,12153
2011/06/14,AMZN,AMZN,S,CBOE,10112
2011/06/15,AMZN,AMZN,S,CBOE,20467
2011/06/16,AMZN,AMZN,S,CBOE,26040
2011/06/17,AMZN,AMZN,S,CBOE,25138
2011/06/20,AMZN,AMZN,S,CBOE,9907
2011/06/21,AMZN,AMZN,S,CBOE,23205
2011/06/22,AMZN,AMZN,S,CBOE,10053
2011/06/23,AMZN,AMZN,S,CBOE,18158
2011/06/24,AMZN,AMZN,S,CBOE,11318
2011/06/27,AMZN,AMZN,S,CBOE,28432
2011/06/28,AMZN,AMZN,S,CBOE,16459
2011/06/29,AMZN,AMZN,S,CBOE,21998
2011/06/30,AMZN,AMZN,S,CBOE,13681
2011/07/01,AMZN,AMZN,S,CBOE,25589
2011/07/05,AMZN,AMZN,S,CBOE,15820
2011/07/06,AMZN,AMZN,S,CBOE,9401
2011/07/07,AMZN,AMZN,S,CBOE,11216
2011/07/08,AMZN,AMZN,S,CBOE,16970
2011/07/11,AMZN,AMZN,S,CBOE,15939
2011/07/12,AMZN,AMZN,S,CBOE,9216
2011/07/13,AMZN,AMZN,S,CBOE,11827
2011/07/14,AMZN,AMZN,S,CBOE,13424
2011/07/15,AMZN,AMZN,S,CBOE,15271
2011/07/18,AMZN,AMZN,S,CBOE,9122
2011/07/19,AMZN,AMZN,S,CBOE,11920
2011/07/20,AMZN,AMZN,S,CBOE,10314
2011/07/21,AMZN,AMZN,S,CBOE,16581
2011/07/22,AMZN,AMZN,S,CBOE,15262
2011/07/25,AMZN,AMZN,S,CBOE,11340
2011/07/26,AMZN,AMZN,S,CBOE,40457
2011/07/27,AMZN,AMZN,S,CBOE,54164
2011/07/28,AMZN,AMZN,S,CBOE,17107
2011/07/29,AMZN,AMZN,S,CBOE,25265
2011/08/01,AMZN,AMZN,S,CBOE,17018
2011/08/02,AMZN,AMZN,S,CBOE,18334
2011/08/03,AMZN,AMZN,S,CBOE,19057
2011/08/04,AMZN,AMZN,S,CBOE,19370
2011/08/05,AMZN,AMZN,S,CBOE,44527
2011/08/08,AMZN,AMZN,S,CBOE,22582
2011/08/09,AMZN,AMZN,S,CBOE,27345
2011/08/10,AMZN,AMZN,S,CBOE,17825
2011/08/11,AMZN,AMZN,S,CBOE,17771
2011/08/12,AMZN,AMZN,S,CBOE,12258
2011/08/15,AMZN,AMZN,S,CBOE,10177
2011/08/16,AMZN,AMZN,S,CBOE,13799
2011/08/17,AMZN,AMZN,S,CBOE,10373
2011/08/18,AMZN,AMZN,S,CBOE,24071
2011/08/19,AMZN,AMZN,S,CBOE,25172
2011/08/22,AMZN,AMZN,S,CBOE,15050
2011/08/23,AMZN,AMZN,S,CBOE,20746
2011/08/24,AMZN,AMZN,S,CBOE,13943
2011/08/25,AMZN,AMZN,S,CBOE,10858
2011/08/26,AMZN,AMZN,S,CBOE,34523
2011/08/29,AMZN,AMZN,S,CBOE,15070
2011/08/30,AMZN,AMZN,S,CBOE,14619
2011/08/31,AMZN,AMZN,S,CBOE,15652
2011/09/01,AMZN,AMZN,S,CBOE,19622
2011/09/02,AMZN,AMZN,S,CBOE,20005
2011/09/06,AMZN,AMZN,S,CBOE,17274
2011/09/07,AMZN,AMZN,S,CBOE,13335
2011/09/08,AMZN,AMZN,S,CBOE,12418
2011/09/09,AMZN,AMZN,S,CBOE,17715
2011/09/12,AMZN,AMZN,S,CBOE,12902
2011/09/13,AMZN,AMZN,S,CBOE,8790
2011/09/14,AMZN,AMZN,S,CBOE,13597
2011/09/15,AMZN,AMZN,S,CBOE,10906
2011/09/16,AMZN,AMZN,S,CBOE,31678
2011/09/19,AMZN,AMZN,S,CBOE,17429
2011/09/20,AMZN,AMZN,S,CBOE,15922
2011/09/21,AMZN,AMZN,S,CBOE,13958
2011/09/22,AMZN,AMZN,S,CBOE,22551
2011/09/23,AMZN,AMZN,S,CBOE,16237
2011/09/26,AMZN,AMZN,S,CBOE,12902
2011/09/27,AMZN,AMZN,S,CBOE,14434
2011/09/28,AMZN,AMZN,S,CBOE,32181
2011/09/29,AMZN,AMZN,S,CBOE,26861
2011/09/30,AMZN,AMZN,S,CBOE,18167
2011/10/03,AMZN,AMZN,S,CBOE,16583
2011/10/04,AMZN,AMZN,S,CBOE,20039
2011/10/05,AMZN,AMZN,S,CBOE,15684
2011/10/06,AMZN,AMZN,S,CBOE,11074
2011/10/07,AMZN,AMZN,S,CBOE,20187
2011/10/10,AMZN,AMZN,S,CBOE,10831
2011/10/11,AMZN,AMZN,S,CBOE,8088
2011/10/12,AMZN,AMZN,S,CBOE,14788
2011/10/13,AMZN,AMZN,S,CBOE,9621
2011/10/14,AMZN,AMZN,S,CBOE,20544
2011/10/17,AMZN,AMZN,S,CBOE,7553
2011/10/18,AMZN,AMZN,S,CBOE,13929
2011/10/19,AMZN,AMZN,S,CBOE,18670
2011/10/20,AMZN,AMZN,S,CBOE,11428
2011/10/21,AMZN,AMZN,S,CBOE,14711
2011/10/24,AMZN,AMZN,S,CBOE,11385
2011/10/25,AMZN,AMZN,S,CBOE,32847
2011/10/26,AMZN,AMZN,S,CBOE,55502
2011/10/27,AMZN,AMZN,S,CBOE,29480
2011/10/28,AMZN,AMZN,S,CBOE,32922
2011/10/31,AMZN,AMZN,S,CBOE,13482
2011/11/01,AMZN,AMZN,S,CBOE,23087
2011/11/02,AMZN,AMZN,S,CBOE,13210
2011/11/03,AMZN,AMZN,S,CBOE,18571
2011/11/04,AMZN,AMZN,S,CBOE,16920
2011/11/07,AMZN,AMZN,S,CBOE,7215
2011/11/08,AMZN,AMZN,S,CBOE,11037
2011/11/09,AMZN,AMZN,S,CBOE,15906
2011/11/10,AMZN,AMZN,S,CBOE,14426
2011/11/11,AMZN,AMZN,S,CBOE,16100
2011/11/14,AMZN,AMZN,S,CBOE,16515
2011/11/15,AMZN,AMZN,S,CBOE,12719
2011/11/16,AMZN,AMZN,S,CBOE,12327
2011/11/17,AMZN,AMZN,S,CBOE,38357
2011/11/18,AMZN,AMZN,S,CBOE,30636
2011/11/21,AMZN,AMZN,S,CBOE,20410
2011/11/22,AMZN,AMZN,S,CBOE,19554
2011/11/23,AMZN,AMZN,S,CBOE,15680
2011/11/25,AMZN,AMZN,S,CBOE,16185
2011/11/28,AMZN,AMZN,S,CBOE,13028
2011/11/29,AMZN,AMZN,S,CBOE,12321
2011/11/30,AMZN,AMZN,S,CBOE,13710
2011/12/01,AMZN,AMZN,S,CBOE,19422
2011/12/02,AMZN,AMZN,S,CBOE,17333
2011/12/05,AMZN,AMZN,S,CBOE,15341
2011/12/06,AMZN,AMZN,S,CBOE,12147
2011/12/07,AMZN,AMZN,S,CBOE,13786
2011/12/08,AMZN,AMZN,S,CBOE,10562
2011/12/09,AMZN,AMZN,S,CBOE,14090
2011/12/12,AMZN,AMZN,S,CBOE,12195
2011/12/13,AMZN,AMZN,S,CBOE,25512
2011/12/14,AMZN,AMZN,S,CBOE,32577
2011/12/15,AMZN,AMZN,S,CBOE,16920
2011/12/16,AMZN,AMZN,S,CBOE,15803
2011/12/19,AMZN,AMZN,S,CBOE,9870
2011/12/20,AMZN,AMZN,S,CBOE,9638
2011/12/21,AMZN,AMZN,S,CBOE,23132
2011/12/22,AMZN,AMZN,S,CBOE,17480
2011/12/23,AMZN,AMZN,S,CBOE,14662
2011/12/27,AMZN,AMZN,S,CBOE,12304
2011/12/28,AMZN,AMZN,S,CBOE,15225
2011/12/29,AMZN,AMZN,S,CBOE,30616
2011/12/30,AMZN,AMZN,S,CBOE,13974
2012/01/03,AMZN,AMZN,S,CBOE,15853
2012/01/04,AMZN,AMZN,S,CBOE,16131
2012/01/05,AMZN,AMZN,S,CBOE,11767
2012/01/06,AMZN,AMZN,S,CBOE,38259
2012/01/09,AMZN,AMZN,S,CBOE,22370
2012/01/10,AMZN,AMZN,S,CBOE,13665
2012/01/11,AMZN,AMZN,S,CBOE,12693
2012/01/12,AMZN,AMZN,S,CBOE,20373
2012/01/13,AMZN,AMZN,S,CBOE,26666
2012/01/17,AMZN,AMZN,S,CBOE,24766
2012/01/18,AMZN,AMZN,S,CBOE,36936
2012/01/19,AMZN,AMZN,S,CBOE,42185
2012/01/20,AMZN,AMZN,S,CBOE,35586
2012/01/23,AMZN,AMZN,S,CBOE,23018
2012/01/24,AMZN,AMZN,S,CBOE,18678
2012/01/25,AMZN,AMZN,S,CBOE,13432
2012/01/26,AMZN,AMZN,S,CBOE,34632
2012/01/27,AMZN,AMZN,S,CBOE,36172
2012/01/30,AMZN,AMZN,S,CBOE,47743
2012/01/31,AMZN,AMZN,S,CBOE,101243
2012/02/01,AMZN,AMZN,S,CBOE,119370
2012/02/02,AMZN,AMZN,S,CBOE,52715
2012/02/03,AMZN,AMZN,S,CBOE,56122
2012/02/06,AMZN,AMZN,S,CBOE,27503
2012/02/07,AMZN,AMZN,S,CBOE,22317
2012/02/08,AMZN,AMZN,S,CBOE,35115
2012/02/09,AMZN,AMZN,S,CBOE,27683
2012/02/10,AMZN,AMZN,S,CBOE,42827
2012/02/13,AMZN,AMZN,S,CBOE,38402
2012/02/14,AMZN,AMZN,S,CBOE,42584
2012/02/15,AMZN,AMZN,S,CBOE,47000
2012/02/16,AMZN,AMZN,S,CBOE,52015
2012/02/17,AMZN,AMZN,S,CBOE,34137
2012/02/21,AMZN,AMZN,S,CBOE,24576
2012/02/22,AMZN,AMZN,S,CBOE,18278
2012/02/23,AMZN,AMZN,S,CBOE,30184
2012/02/24,AMZN,AMZN,S,CBOE,22345
2012/02/27,AMZN,AMZN,S,CBOE,14264
2012/02/28,AMZN,AMZN,S,CBOE,29447
2012/02/29,AMZN,AMZN,S,CBOE,20596
2012/03/01,AMZN,AMZN,S,CBOE,22980
2012/03/02,AMZN,AMZN,S,CBOE,18644
2012/03/05,AMZN,AMZN,S,CBOE,19794
2012/03/06,AMZN,AMZN,S,CBOE,30818
2012/03/07,AMZN,AMZN,S,CBOE,26708
2012/03/08,AMZN,AMZN,S,CBOE,27406
2012/03/09,AMZN,AMZN,S,CBOE,32088
2012/03/12,AMZN,AMZN,S,CBOE,19577
2012/03/13,AMZN,AMZN,S,CBOE,27585
2012/03/14,AMZN,AMZN,S,CBOE,23344
2012/03/15,AMZN,AMZN,S,CBOE,27869
2012/03/16,AMZN,AMZN,S,CBOE,29009
2012/03/19,AMZN,AMZN,S,CBOE,20059
2012/03/20,AMZN,AMZN,S,CBOE,70739
2012/03/21,AMZN,AMZN,S,CBOE,31649
2012/03/22,AMZN,AMZN,S,CBOE,30475
2012/03/23,AMZN,AMZN,S,CBOE,46224
2012/03/26,AMZN,AMZN,S,CBOE,50461
2012/03/27,AMZN,AMZN,S,CBOE,69866
2012/03/28,AMZN,AMZN,S,CBOE,44017
2012/03/29,AMZN,AMZN,S,CBOE,42289
2012/03/30,AMZN,AMZN,S,CBOE,34071
2012/04/02,AMZN,AMZN,S,CBOE,30668
2012/04/03,AMZN,AMZN,S,CBOE,29072
2012/04/04,AMZN,AMZN,S,CBOE,35565
2012/04/05,AMZN,AMZN,S,CBOE,22260
2012/04/09,AMZN,AMZN,S,CBOE,17513
2012/04/10,AMZN,AMZN,S,CBOE,32818
2012/04/11,AMZN,AMZN,S,CBOE,23530
2012/04/12,AMZN,AMZN,S,CBOE,22889
2012/04/13,AMZN,AMZN,S,CBOE,25823
2012/04/16,AMZN,AMZN,S,CBOE,26423
2012/04/17,AMZN,AMZN,S,CBOE,20881
2012/04/18,AMZN,AMZN,S,CBOE,24981
2012/04/19,AMZN,AMZN,S,CBOE,33389
2012/04/20,AMZN,AMZN,S,CBOE,25053
2012/04/23,AMZN,AMZN,S,CBOE,18620
2012/04/24,AMZN,AMZN,S,CBOE,19191
2012/04/25,AMZN,AMZN,S,CBOE,25404
2012/04/26,AMZN,AMZN,S,CBOE,77809
2012/04/27,AMZN,AMZN,S,CBOE,155189
2012/04/30,AMZN,AMZN,S,CBOE,54715
2012/05/01,AMZN,AMZN,S,CBOE,33803
2012/05/02,AMZN,AMZN,S,CBOE,28430
2012/05/03,AMZN,AMZN,S,CBOE,30847
2012/05/04,AMZN,AMZN,S,CBOE,35091
2012/05/07,AMZN,AMZN,S,CBOE,16288
2012/05/08,AMZN,AMZN,S,CBOE,27899
2012/05/09,AMZN,AMZN,S,CBOE,20496
2012/05/10,AMZN,AMZN,S,CBOE,25421
2012/05/11,AMZN,AMZN,S,CBOE,26007
2012/05/14,AMZN,AMZN,S,CBOE,17541
2012/05/15,AMZN,AMZN,S,CBOE,29947
2012/05/16,AMZN,AMZN,S,CBOE,25363
2012/05/17,AMZN,AMZN,S,CBOE,28387
2012/05/18,AMZN,AMZN,S,CBOE,34822
2012/05/21,AMZN,AMZN,S,CBOE,16967
2012/05/22,AMZN,AMZN,S,CBOE,20383
2012/05/23,AMZN,AMZN,S,CBOE,19560
2012/05/24,AMZN,AMZN,S,CBOE,16474
2012/05/25,AMZN,AMZN,S,CBOE,16490
2012/05/29,AMZN,AMZN,S,CBOE,14895
2012/05/30,AMZN,AMZN,S,CBOE,17071
2012/05/31,AMZN,AMZN,S,CBOE,26076
2012/06/01,AMZN,AMZN,S,CBOE,20616
2012/06/04,AMZN,AMZN,S,CBOE,17843
2012/06/05,AMZN,AMZN,S,CBOE,13803
2012/06/06,AMZN,AMZN,S,CBOE,12934
2012/06/07,AMZN,AMZN,S,CBOE,15661
2012/06/08,AMZN,AMZN,S,CBOE,15192
2012/06/11,AMZN,AMZN,S,CBOE,17960
2012/06/12,AMZN,AMZN,S,CBOE,12418
2012/06/13,AMZN,AMZN,S,CBOE,9230
2012/06/14,AMZN,AMZN,S,CBOE,12931
2012/06/15,AMZN,AMZN,S,CBOE,18174
2012/06/18,AMZN,AMZN,S,CBOE,17188
2012/06/19,AMZN,AMZN,S,CBOE,9678
2012/06/20,AMZN,AMZN,S,CBOE,11510
2012/06/21,AMZN,AMZN,S,CBOE,16588
2012/06/22,AMZN,AMZN,S,CBOE,13814
2012/06/25,AMZN,AMZN,S,CBOE,9921
2012/06/26,AMZN,AMZN,S,CBOE,20222
2012/06/27,AMZN,AMZN,S,CBOE,10886
2012/06/28,AMZN,AMZN,S,CBOE,12967
2012/06/29,AMZN,AMZN,S,CBOE,20195
2012/07/02,AMZN,AMZN,S,CBOE,11127
2012/07/03,AMZN,AMZN,S,CBOE,7156
2012/07/05,AMZN,AMZN,S,CBOE,17365
2012/07/06,AMZN,AMZN,S,CBOE,18694
2012/07/09,AMZN,AMZN,S,CBOE,8603
2012/07/10,AMZN,AMZN,S,CBOE,17287
2012/07/11,AMZN,AMZN,S,CBOE,14962
2012/07/12,AMZN,AMZN,S,CBOE,14847
2012/07/13,AMZN,AMZN,S,CBOE,17384
2012/07/16,AMZN,AMZN,S,CBOE,11178
2012/07/17,AMZN,AMZN,S,CBOE,10075
2012/07/18,AMZN,AMZN,S,CBOE,11451
2012/07/19,AMZN,AMZN,S,CBOE,32461
2012/07/20,AMZN,AMZN,S,CBOE,26867
2012/07/23,AMZN,AMZN,S,CBOE,12465
2012/07/24,AMZN,AMZN,S,CBOE,10844
2012/07/25,AMZN,AMZN,S,CBOE,21117
2012/07/26,AMZN,AMZN,S,CBOE,55949
2012/07/27,AMZN,AMZN,S,CBOE,78512
2012/07/30,AMZN,AMZN,S,CBOE,18289
2012/07/31,AMZN,AMZN,S,CBOE,11124
2012/08/01,AMZN,AMZN,S,CBOE,9928
2012/08/02,AMZN,AMZN,S,CBOE,14565
2012/08/03,AMZN,AMZN,S,CBOE,20083
2012/08/06,AMZN,AMZN,S,CBOE,8000
2012/08/07,AMZN,AMZN,S,CBOE,13364
2012/08/08,AMZN,AMZN,S,CBOE,9691
2012/08/09,AMZN,AMZN,S,CBOE,7787
2012/08/10,AMZN,AMZN,S,CBOE,10460
2012/08/13,AMZN,AMZN,S,CBOE,9518
2012/08/14,AMZN,AMZN,S,CBOE,15339
2012/08/15,AMZN,AMZN,S,CBOE,16245
2012/08/16,AMZN,AMZN,S,CBOE,30163
2012/08/17,AMZN,AMZN,S,CBOE,17883
2012/08/20,AMZN,AMZN,S,CBOE,17856
2012/08/21,AMZN,AMZN,S,CBOE,14614
2012/08/22,AMZN,AMZN,S,CBOE,17651
2012/08/23,AMZN,AMZN,S,CBOE,21798
2012/08/24,AMZN,AMZN,S,CBOE,33832
2012/08/27,AMZN,AMZN,S,CBOE,12035
2012/08/28,AMZN,AMZN,S,CBOE,12623
2012/08/29,AMZN,AMZN,S,CBOE,8079
2012/08/30,AMZN,AMZN,S,CBOE,21096
2012/08/31,AMZN,AMZN,S,CBOE,15535
2012/09/04,AMZN,AMZN,S,CBOE,14811
2012/09/05,AMZN,AMZN,S,CBOE,11580
2012/09/06,AMZN,AMZN,S,CBOE,36858
2012/09/07,AMZN,AMZN,S,CBOE,42505
2012/09/10,AMZN,AMZN,S,CBOE,16554
2012/09/11,AMZN,AMZN,S,CBOE,13067
2012/09/12,AMZN,AMZN,S,CBOE,11311
2012/09/13,AMZN,AMZN,S,CBOE,20124
2012/09/14,AMZN,AMZN,S,CBOE,24251
2012/09/17,AMZN,AMZN,S,CBOE,13289
2012/09/18,AMZN,AMZN,S,CBOE,9129
2012/09/19,AMZN,AMZN,S,CBOE,14833
2012/09/20,AMZN,AMZN,S,CBOE,15916
2012/09/21,AMZN,AMZN,S,CBOE,17763
2012/09/24,AMZN,AMZN,S,CBOE,12557
2012/09/25,AMZN,AMZN,S,CBOE,16167
2012/09/26,AMZN,AMZN,S,CBOE,12068
2012/09/27,AMZN,AMZN,S,CBOE,15150
2012/09/28,AMZN,AMZN,S,CBOE,13319
2012/10/01,AMZN,AMZN,S,CBOE,7747
2012/10/02,AMZN,AMZN,S,CBOE,9669
2012/10/03,AMZN,AMZN,S,CBOE,11375
2012/10/04,AMZN,AMZN,S,CBOE,18838
2012/10/05,AMZN,AMZN,S,CBOE,13489
2012/10/08,AMZN,AMZN,S,CBOE,7498
2012/10/09,AMZN,AMZN,S,CBOE,14321
2012/10/10,AMZN,AMZN,S,CBOE,17955
2012/10/11,AMZN,AMZN,S,CBOE,14606
2012/10/12,AMZN,AMZN,S,CBOE,14612
2012/10/15,AMZN,AMZN,S,CBOE,14219
2012/10/16,AMZN,AMZN,S,CBOE,10560
2012/10/17,AMZN,AMZN,S,CBOE,11153
2012/10/18,AMZN,AMZN,S,CBOE,24295
2012/10/19,AMZN,AMZN,S,CBOE,18677
2012/10/22,AMZN,AMZN,S,CBOE,15781
2012/10/23,AMZN,AMZN,S,CBOE,11063
2012/10/24,AMZN,AMZN,S,CBOE,18037
2012/10/25,AMZN,AMZN,S,CBOE,46546
2012/10/26,AMZN,AMZN,S,CBOE,63682
2012/10/31,AMZN,AMZN,S,CBOE,19436
2012/11/01,AMZN,AMZN,S,CBOE,8888
2012/11/02,AMZN,AMZN,S,CBOE,10814
2012/11/05,AMZN,AMZN,S,CBOE,6474
2012/11/06,AMZN,AMZN,S,CBOE,5429
2012/11/07,AMZN,AMZN,S,CBOE,12140
2012/11/08,AMZN,AMZN,S,CBOE,9593
2012/11/09,AMZN,AMZN,S,CBOE,12853
2012/11/12,AMZN,AMZN,S,CBOE,7110
2012/11/13,AMZN,AMZN,S,CBOE,6912
2012/11/14,AMZN,AMZN,S,CBOE,7404
2012/11/15,AMZN,AMZN,S,CBOE,12195
2012/11/16,AMZN,AMZN,S,CBOE,15783
2012/11/19,AMZN,AMZN,S,CBOE,9604
2012/11/20,AMZN,AMZN,S,CBOE,7615
2012/11/21,AMZN,AMZN,S,CBOE,13310
2012/11/23,AMZN,AMZN,S,CBOE,7362
2012/11/26,AMZN,AMZN,S,CBOE,17429
2012/11/27,AMZN,AMZN,S,CBOE,8684
2012/11/28,AMZN,AMZN,S,CBOE,7816
2012/11/29,AMZN,AMZN,S,CBOE,15820
2012/11/30,AMZN,AMZN,S,CBOE,11620
2012/12/03,AMZN,AMZN,S,CBOE,6455
2012/12/04,AMZN,AMZN,S,CBOE,6211
2012/12/05,AMZN,AMZN,S,CBOE,7957
2012/12/06,AMZN,AMZN,S,CBOE,8025
2012/12/07,AMZN,AMZN,S,CBOE,6719
2012/12/10,AMZN,AMZN,S,CBOE,6370
2012/12/11,AMZN,AMZN,S,CBOE,8771
2012/12/12,AMZN,AMZN,S,CBOE,7056
2012/12/13,AMZN,AMZN,S,CBOE,10177
2012/12/14,AMZN,AMZN,S,CBOE,6149
2012/12/17,AMZN,AMZN,S,CBOE,5851
2012/12/18,AMZN,AMZN,S,CBOE,16833
2012/12/19,AMZN,AMZN,S,CBOE,7127
2012/12/20,AMZN,AMZN,S,CBOE,9641
2012/12/21,AMZN,AMZN,S,CBOE,10480
2012/12/24,AMZN,AMZN,S,CBOE,4803
2012/12/26,AMZN,AMZN,S,CBOE,12722
2012/12/27,AMZN,AMZN,S,CBOE,14656
2012/12/28,AMZN,AMZN,S,CBOE,7715
2012/12/31,AMZN,AMZN,S,CBOE,8655
2013/01/02,AMZN,AMZN,S,CBOE,10832
2013/01/03,AMZN,AMZN,S,CBOE,11746
2013/01/04,AMZN,AMZN,S,CBOE,7574
2013/01/07,AMZN,AMZN,S,CBOE,12959
2013/01/08,AMZN,AMZN,S,CBOE,6744
2013/01/09,AMZN,AMZN,S,CBOE,4854
2013/01/10,AMZN,AMZN,S,CBOE,4814
2013/01/11,AMZN,AMZN,S,CBOE,6663
2013/01/14,AMZN,AMZN,S,CBOE,8922
2013/01/15,AMZN,AMZN,S,CBOE,4508
2013/01/16,AMZN,AMZN,S,CBOE,5456
2013/01/17,AMZN,AMZN,S,CBOE,5261
2013/01/18,AMZN,AMZN,S,CBOE,8063
2013/01/22,AMZN,AMZN,S,CBOE,4646
2013/01/23,AMZN,AMZN,S,CBOE,5302
2013/01/24,AMZN,AMZN,S,CBOE,14268
2013/01/25,AMZN,AMZN,S,CBOE,17967
2013/01/28,AMZN,AMZN,S,CBOE,14324
2013/01/29,AMZN,AMZN,S,CBOE,48148
2013/01/30,AMZN,AMZN,S,CBOE,41259
2013/01/31,AMZN,AMZN,S,CBOE,18682
2013/02/01,AMZN,AMZN,S,CBOE,18287
2013/02/04,AMZN,AMZN,S,CBOE,9716
2013/02/05,AMZN,AMZN,S,CBOE,8338
2013/02/06,AMZN,AMZN,S,CBOE,5974
2013/02/07,AMZN,AMZN,S,CBOE,12438
2013/02/08,AMZN,AMZN,S,CBOE,12076
2013/02/11,AMZN,AMZN,S,CBOE,11013
2013/02/12,AMZN,AMZN,S,CBOE,6917
2013/02/13,AMZN,AMZN,S,CBOE,18833
2013/02/14,AMZN,AMZN,S,CBOE,10149
2013/02/15,AMZN,AMZN,S,CBOE,15703
2013/02/19,AMZN,AMZN,S,CBOE,7821
2013/02/20,AMZN,AMZN,S,CBOE,12655
2013/02/21,AMZN,AMZN,S,CBOE,9146
2013/02/22,AMZN,AMZN,S,CBOE,11269
2013/02/25,AMZN,AMZN,S,CBOE,8980
2013/02/26,AMZN,AMZN,S,CBOE,10583
2013/02/27,AMZN,AMZN,S,CBOE,9618
2013/02/28,AMZN,AMZN,S,CBOE,6396
2013/03/01,AMZN,AMZN,S,CBOE,10169
2013/03/04,AMZN,AMZN,S,CBOE,10567
2013/03/05,AMZN,AMZN,S,CBOE,11304
2013/03/06,AMZN,AMZN,S,CBOE,6756
2013/03/07,AMZN,AMZN,S,CBOE,5533
2013/03/08,AMZN,AMZN,S,CBOE,8804
2013/03/11,AMZN,AMZN,S,CBOE,6434
2013/03/12,AMZN,AMZN,S,CBOE,11043
2013/03/13,AMZN,AMZN,S,CBOE,7020
2013/03/14,AMZN,AMZN,S,CBOE,16361
2013/03/15,AMZN,AMZN,S,CBOE,13692
2013/03/18,AMZN,AMZN,S,CBOE,7271
2013/03/19,AMZN,AMZN,S,CBOE,11754
2013/03/20,AMZN,AMZN,S,CBOE,6357
2013/03/21,AMZN,AMZN,S,CBOE,7476
2013/03/22,AMZN,AMZN,S,CBOE,10307
2013/03/25,AMZN,AMZN,S,CBOE,6265
2013/03/26,AMZN,AMZN,S,CBOE,7225
2013/03/27,AMZN,AMZN,S,CBOE,9066
2013/03/28,AMZN,AMZN,S,CBOE,7962
2013/04/01,AMZN,AMZN,S,CBOE,5125
2013/04/02,AMZN,AMZN,S,CBOE,6489
2013/04/03,AMZN,AMZN,S,CBOE,5837
2013/04/04,AMZN,AMZN,S,CBOE,4620
2013/04/05,AMZN,AMZN,S,CBOE,6837
2013/04/08,AMZN,AMZN,S,CBOE,6701
2013/04/09,AMZN,AMZN,S,CBOE,4404
2013/04/10,AMZN,AMZN,S,CBOE,5985
2013/04/11,AMZN,AMZN,S,CBOE,8186
2013/04/12,AMZN,AMZN,S,CBOE,10060
2013/04/15,AMZN,AMZN,S,CBOE,8131
2013/04/16,AMZN,AMZN,S,CBOE,6431
2013/04/17,AMZN,AMZN,S,CBOE,8512
2013/04/18,AMZN,AMZN,S,CBOE,11177
2013/04/19,AMZN,AMZN,S,CBOE,11190
2013/04/22,AMZN,AMZN,S,CBOE,8813
2013/04/23,AMZN,AMZN,S,CBOE,7438
2013/04/24,AMZN,AMZN,S,CBOE,10212
2013/04/25,AMZN,AMZN,S,CBOE,4572
2013/04/26,AMZN,AMZN,S,CBOE,39659
2013/04/29,AMZN,AMZN,S,CBOE,15777
2013/04/30,AMZN,AMZN,S,CBOE,10811
2013/05/01,AMZN,AMZN,S,CBOE,13813
2013/05/02,AMZN,AMZN,S,CBOE,8976
2013/05/03,AMZN,AMZN,S,CBOE,14755
2013/05/06,AMZN,AMZN,S,CBOE,6421
2013/05/07,AMZN,AMZN,S,CBOE,9188
2013/05/08,AMZN,AMZN,S,CBOE,7998
2013/05/09,AMZN,AMZN,S,CBOE,12119
2013/05/10,AMZN,AMZN,S,CBOE,10620
2013/05/13,AMZN,AMZN,S,CBOE,7492
2013/05/14,AMZN,AMZN,S,CBOE,6993
2013/05/15,AMZN,AMZN,S,CBOE,7174
2013/05/16,AMZN,AMZN,S,CBOE,5462
2013/05/17,AMZN,AMZN,S,CBOE,7643
2013/05/20,AMZN,AMZN,S,CBOE,5498
2013/05/21,AMZN,AMZN,S,CBOE,4586
2013/05/22,AMZN,AMZN,S,CBOE,9172
2013/05/23,AMZN,AMZN,S,CBOE,6330
2013/05/24,AMZN,AMZN,S,CBOE,6572
2013/05/28,AMZN,AMZN,S,CBOE,14791
2013/05/29,AMZN,AMZN,S,CBOE,5320
2013/05/30,AMZN,AMZN,S,CBOE,5122
2013/05/31,AMZN,AMZN,S,CBOE,11429
2013/06/03,AMZN,AMZN,S,CBOE,7737
2013/06/04,AMZN,AMZN,S,CBOE,8718
2013/06/05,AMZN,AMZN,S,CBOE,14457
2013/06/06,AMZN,AMZN,S,CBOE,8928
2013/06/07,AMZN,AMZN,S,CBOE,31756
2013/06/10,AMZN,AMZN,S,CBOE,20590
2013/06/11,AMZN,AMZN,S,CBOE,8944
2013/06/12,AMZN,AMZN,S,CBOE,9250
2013/06/13,AMZN,AMZN,S,CBOE,6829
2013/06/14,AMZN,AMZN,S,CBOE,9688
2013/06/17,AMZN,AMZN,S,CBOE,10467
2013/06/18,AMZN,AMZN,S,CBOE,9270
2013/06/19,AMZN,AMZN,S,CBOE,9488
2013/06/20,AMZN,AMZN,S,CBOE,10455
2013/06/21,AMZN,AMZN,S,CBOE,12769
2013/06/24,AMZN,AMZN,S,CBOE,8769
2013/06/25,AMZN,AMZN,S,CBOE,7367
2013/06/26,AMZN,AMZN,S,CBOE,7986
2013/06/27,AMZN,AMZN,S,CBOE,10085
2013/06/28,AMZN,AMZN,S,CBOE,7958
2013/07/01,AMZN,AMZN,S,CBOE,11366
2013/07/02,AMZN,AMZN,S,CBOE,15215
2013/07/03,AMZN,AMZN,S,CBOE,8158
2013/07/05,AMZN,AMZN,S,CBOE,8557
2013/07/08,AMZN,AMZN,S,CBOE,10488
2013/07/09,AMZN,AMZN,S,CBOE,9568
2013/07/10,AMZN,AMZN,S,CBOE,6658
2013/07/11,AMZN,AMZN,S,CBOE,16929
2013/07/12,AMZN,AMZN,S,CBOE,21038
2013/07/15,AMZN,AMZN,S,CBOE,9318
2013/07/16,AMZN,AMZN,S,CBOE,9093
2013/07/17,AMZN,AMZN,S,CBOE,5913
2013/07/18,AMZN,AMZN,S,CBOE,10346
2013/07/19,AMZN,AMZN,S,CBOE,11316
2013/07/22,AMZN,AMZN,S,CBOE,7126
2013/07/23,AMZN,AMZN,S,CBOE,4402
2013/07/24,AMZN,AMZN,S,CBOE,10309
2013/07/25,AMZN,AMZN,S,CBOE,30472
2013/07/26,AMZN,AMZN,S,CBOE,55572
2013/07/29,AMZN,AMZN,S,CBOE,12397
2013/07/30,AMZN,AMZN,S,CBOE,8349
2013/07/31,AMZN,AMZN,S,CBOE,4643
2013/08/01,AMZN,AMZN,S,CBOE,10756
2013/08/02,AMZN,AMZN,S,CBOE,10090
2013/08/05,AMZN,AMZN,S,CBOE,7459
2013/08/06,AMZN,AMZN,S,CBOE,7475
2013/08/07,AMZN,AMZN,S,CBOE,7329
2013/08/08,AMZN,AMZN,S,CBOE,9654
2013/08/09,AMZN,AMZN,S,CBOE,13251
2013/08/12,AMZN,AMZN,S,CBOE,7092
2013/08/13,AMZN,AMZN,S,CBOE,11350
2013/08/14,AMZN,AMZN,S,CBOE,8585
2013/08/15,AMZN,AMZN,S,CBOE,12617
2013/08/16,AMZN,AMZN,S,CBOE,12189
2013/08/19,AMZN,AMZN,S,CBOE,12753
2013/08/20,AMZN,AMZN,S,CBOE,6951
2013/08/21,AMZN,AMZN,S,CBOE,11991
2013/08/22,AMZN,AMZN,S,CBOE,5924
2013/08/23,AMZN,AMZN,S,CBOE,10850
2013/08/26,AMZN,AMZN,S,CBOE,6576
2013/08/27,AMZN,AMZN,S,CBOE,8662
2013/08/28,AMZN,AMZN,S,CBOE,5256
2013/08/29,AMZN,AMZN,S,CBOE,7001
2013/08/30,AMZN,AMZN,S,CBOE,8343
2013/09/03,AMZN,AMZN,S,CBOE,10114
2013/09/04,AMZN,AMZN,S,CBOE,8870
2013/09/05,AMZN,AMZN,S,CBOE,6621
2013/09/06,AMZN,AMZN,S,CBOE,10257
2013/09/09,AMZN,AMZN,S,CBOE,5795
2013/09/10,AMZN,AMZN,S,CBOE,4492
2013/09/11,AMZN,AMZN,S,CBOE,4269
2013/09/12,AMZN,AMZN,S,CBOE,5316
2013/09/13,AMZN,AMZN,S,CBOE,6156
2013/09/16,AMZN,AMZN,S,CBOE,4214
2013/09/17,AMZN,AMZN,S,CBOE,7956
2013/09/18,AMZN,AMZN,S,CBOE,10663
2013/09/19,AMZN,AMZN,S,CBOE,9746
2013/09/20,AMZN,AMZN,S,CBOE,23584
2013/09/23,AMZN,AMZN,S,CBOE,10906
2013/09/24,AMZN,AMZN,S,CBOE,10692
2013/09/25,AMZN,AMZN,S,CBOE,8692
2013/09/26,AMZN,AMZN,S,CBOE,9660
2013/09/27,AMZN,AMZN,S,CBOE,9358
2013/09/30,AMZN,AMZN,S,CBOE,5503
2013/10/01,AMZN,AMZN,S,CBOE,8415
2013/10/02,AMZN,AMZN,S,CBOE,6908
2013/10/03,AMZN,AMZN,S,CBOE,9902
2013/10/04,AMZN,AMZN,S,CBOE,8929
2013/10/07,AMZN,AMZN,S,CBOE,8665
2013/10/08,AMZN,AMZN,S,CBOE,13483
2013/10/09,AMZN,AMZN,S,CBOE,12463
2013/10/10,AMZN,AMZN,S,CBOE,9482
2013/10/11,AMZN,AMZN,S,CBOE,11932
2013/10/14,AMZN,AMZN,S,CBOE,5738
2013/10/15,AMZN,AMZN,S,CBOE,6073
2013/10/16,AMZN,AMZN,S,CBOE,5348
2013/10/17,AMZN,AMZN,S,CBOE,7437
2013/10/18,AMZN,AMZN,S,CBOE,33804
2013/10/21,AMZN,AMZN,S,CBOE,11009
2013/10/22,AMZN,AMZN,S,CBOE,12408
2013/10/23,AMZN,AMZN,S,CBOE,11906
2013/10/24,AMZN,AMZN,S,CBOE,28496
2013/10/25,AMZN,AMZN,S,CBOE,71299
2013/10/28,AMZN,AMZN,S,CBOE,12097
2013/10/29,AMZN,AMZN,S,CBOE,7985
2013/10/30,AMZN,AMZN,S,CBOE,11887
2013/10/31,AMZN,AMZN,S,CBOE,9467
2013/11/01,AMZN,AMZN,S,CBOE,13458
2013/11/04,AMZN,AMZN,S,CBOE,9364
2013/11/05,AMZN,AMZN,S,CBOE,5352
2013/11/06,AMZN,AMZN,S,CBOE,7706
2013/11/07,AMZN,AMZN,S,CBOE,25224
2013/11/08,AMZN,AMZN,S,CBOE,11948
2013/11/11,AMZN,AMZN,S,CBOE,7608
2013/11/12,AMZN,AMZN,S,CBOE,7788
2013/11/13,AMZN,AMZN,S,CBOE,6886
2013/11/14,AMZN,AMZN,S,CBOE,17244
2013/11/15,AMZN,AMZN,S,CBOE,16668
2013/11/18,AMZN,AMZN,S,CBOE,10681
2013/11/19,AMZN,AMZN,S,CBOE,8458
2013/11/20,AMZN,AMZN,S,CBOE,6937
2013/11/21,AMZN,AMZN,S,CBOE,7538
2013/11/22,AMZN,AMZN,S,CBOE,15589
2013/11/25,AMZN,AMZN,S,CBOE,12563
2013/11/26,AMZN,AMZN,S,CBOE,10663
2013/11/27,AMZN,AMZN,S,CBOE,15832
2013/11/29,AMZN,AMZN,S,CBOE,16489
2013/12/02,AMZN,AMZN,S,CBOE,16815
2013/12/03,AMZN,AMZN,S,CBOE,12340
2013/12/04,AMZN,AMZN,S,CBOE,7638
2013/12/05,AMZN,AMZN,S,CBOE,8152
2013/12/06,AMZN,AMZN,S,CBOE,9595
2013/12/09,AMZN,AMZN,S,CBOE,6819
2013/12/10,AMZN,AMZN,S,CBOE,8354
2013/12/11,AMZN,AMZN,S,CBOE,8500
2013/12/12,AMZN,AMZN,S,CBOE,8970
2013/12/13,AMZN,AMZN,S,CBOE,13701
2013/12/16,AMZN,AMZN,S,CBOE,8312
2013/12/17,AMZN,AMZN,S,CBOE,5991
2013/12/18,AMZN,AMZN,S,CBOE,15320
2013/12/19,AMZN,AMZN,S,CBOE,10258
2013/12/20,AMZN,AMZN,S,CBOE,24675
2013/12/23,AMZN,AMZN,S,CBOE,14016
2013/12/24,AMZN,AMZN,S,CBOE,5251
2013/12/26,AMZN,AMZN,S,CBOE,10481
2013/12/27,AMZN,AMZN,S,CBOE,15316
2013/12/30,AMZN,AMZN,S,CBOE,11950
2013/12/31,AMZN,AMZN,S,CBOE,6657
2014/01/02,AMZN,AMZN,S,CBOE,7874
2014/01/03,AMZN,AMZN,S,CBOE,14107
2014/01/06,AMZN,AMZN,S,CBOE,8290
2014/01/07,AMZN,AMZN,S,CBOE,6613
2014/01/08,AMZN,AMZN,S,CBOE,12707
2014/01/09,AMZN,AMZN,S,CBOE,14502
2014/01/10,AMZN,AMZN,S,CBOE,19282
2014/01/13,AMZN,AMZN,S,CBOE,15344
2014/01/14,AMZN,AMZN,S,CBOE,9862
2014/01/15,AMZN,AMZN,S,CBOE,11819
2014/01/16,AMZN,AMZN,S,CBOE,24489
2014/01/17,AMZN,AMZN,S,CBOE,27026
2014/01/21,AMZN,AMZN,S,CBOE,16662
2014/01/22,AMZN,AMZN,S,CBOE,13310
2014/01/23,AMZN,AMZN,S,CBOE,15444
2014/01/24,AMZN,AMZN,S,CBOE,27505
2014/01/27,AMZN,AMZN,S,CBOE,16145
2014/01/28,AMZN,AMZN,S,CBOE,9219
2014/01/29,AMZN,AMZN,S,CBOE,17328
2014/01/30,AMZN,AMZN,S,CBOE,41134
2014/01/31,AMZN,AMZN,S,CBOE,63405
2014/02/03,AMZN,AMZN,S,CBOE,34111
2014/02/04,AMZN,AMZN,S,CBOE,17688
2014/02/05,AMZN,AMZN,S,CBOE,22537
2014/02/06,AMZN,AMZN,S,CBOE,14965
2014/02/07,AMZN,AMZN,S,CBOE,24646
2014/02/10,AMZN,AMZN,S,CBOE,17713
2014/02/11,AMZN,AMZN,S,CBOE,14007
2014/02/12,AMZN,AMZN,S,CBOE,30470
2014/02/13,AMZN,AMZN,S,CBOE,20374
2014/02/14,AMZN,AMZN,S,CBOE,19658
2014/02/18,AMZN,AMZN,S,CBOE,16843
2014/02/19,AMZN,AMZN,S,CBOE,20795
2014/02/20,AMZN,AMZN,S,CBOE,16085
2014/02/21,AMZN,AMZN,S,CBOE,23888
2014/02/24,AMZN,AMZN,S,CBOE,13590
2014/02/25,AMZN,AMZN,S,CBOE,22744
2014/02/26,AMZN,AMZN,S,CBOE,18224
2014/02/27,AMZN,AMZN,S,CBOE,12070
2014/02/28,AMZN,AMZN,S,CBOE,24283
2014/03/03,AMZN,AMZN,S,CBOE,12496
2014/03/04,AMZN,AMZN,S,CBOE,10541
2014/03/05,AMZN,AMZN,S,CBOE,23663
2014/03/06,AMZN,AMZN,S,CBOE,17996
2014/03/07,AMZN,AMZN,S,CBOE,17299
2014/03/10,AMZN,AMZN,S,CBOE,10178
2014/03/11,AMZN,AMZN,S,CBOE,11598
2014/03/12,AMZN,AMZN,S,CBOE,12321
2014/03/13,AMZN,AMZN,S,CBOE,40622
2014/03/14,AMZN,AMZN,S,CBOE,26243
2014/03/17,AMZN,AMZN,S,CBOE,13141
2014/03/18,AMZN,AMZN,S,CBOE,11031
2014/03/19,AMZN,AMZN,S,CBOE,11846
2014/03/20,AMZN,AMZN,S,CBOE,13579
2014/03/21,AMZN,AMZN,S,CBOE,30500
2014/03/24,AMZN,AMZN,S,CBOE,20175
2014/03/25,AMZN,AMZN,S,CBOE,12950
2014/03/26,AMZN,AMZN,S,CBOE,16257
2014/03/27,AMZN,AMZN,S,CBOE,26310
2014/03/28,AMZN,AMZN,S,CBOE,27419
2014/03/31,AMZN,AMZN,S,CBOE,14813
2014/04/01,AMZN,AMZN,S,CBOE,13839
2014/04/02,AMZN,AMZN,S,CBOE,14878
2014/04/03,AMZN,AMZN,S,CBOE,27322
2014/04/04,AMZN,AMZN,S,CBOE,49068
2014/04/07,AMZN,AMZN,S,CBOE,23750
2014/04/08,AMZN,AMZN,S,CBOE,18217
2014/04/09,AMZN,AMZN,S,CBOE,18792
2014/04/10,AMZN,AMZN,S,CBOE,24425
2014/04/11,AMZN,AMZN,S,CBOE,23191
2014/04/14,AMZN,AMZN,S,CBOE,14500
2014/04/15,AMZN,AMZN,S,CBOE,22181
2014/04/16,AMZN,AMZN,S,CBOE,14603
2014/04/17,AMZN,AMZN,S,CBOE,20185
2014/04/21,AMZN,AMZN,S,CBOE,7865
2014/04/22,AMZN,AMZN,S,CBOE,9510
2014/04/23,AMZN,AMZN,S,CBOE,10272
2014/04/24,AMZN,AMZN,S,CBOE,60550
2014/04/25,AMZN,AMZN,S,CBOE,69823
2014/04/28,AMZN,AMZN,S,CBOE,32537
2014/04/29,AMZN,AMZN,S,CBOE,24356
2014/04/30,AMZN,AMZN,S,CBOE,17760
2014/05/01,AMZN,AMZN,S,CBOE,22945
2014/05/02,AMZN,AMZN,S,CBOE,21381
2014/05/05,AMZN,AMZN,S,CBOE,10684
2014/05/06,AMZN,AMZN,S,CBOE,19083
2014/05/07,AMZN,AMZN,S,CBOE,28877
2014/05/08,AMZN,AMZN,S,CBOE,22639
2014/05/09,AMZN,AMZN,S,CBOE,30492
2014/05/12,AMZN,AMZN,S,CBOE,15895
2014/05/13,AMZN,AMZN,S,CBOE,13550
2014/05/14,AMZN,AMZN,S,CBOE,12823
2014/05/15,AMZN,AMZN,S,CBOE,18994
2014/05/16,AMZN,AMZN,S,CBOE,19166
2014/05/19,AMZN,AMZN,S,CBOE,12860
2014/05/20,AMZN,AMZN,S,CBOE,16663
2014/05/21,AMZN,AMZN,S,CBOE,8770
2014/05/22,AMZN,AMZN,S,CBOE,11134
2014/05/23,AMZN,AMZN,S,CBOE,17447
2014/05/27,AMZN,AMZN,S,CBOE,12550
2014/05/28,AMZN,AMZN,S,CBOE,8587
2014/05/29,AMZN,AMZN,S,CBOE,9360
2014/05/30,AMZN,AMZN,S,CBOE,19566
2014/06/02,AMZN,AMZN,S,CBOE,8052
2014/06/03,AMZN,AMZN,S,CBOE,8035
2014/06/04,AMZN,AMZN,S,CBOE,8775
2014/06/05,AMZN,AMZN,S,CBOE,59337
2014/06/06,AMZN,AMZN,S,CBOE,41192
2014/06/09,AMZN,AMZN,S,CBOE,17840
2014/06/10,AMZN,AMZN,S,CBOE,20942
2014/06/11,AMZN,AMZN,S,CBOE,27915
2014/06/12,AMZN,AMZN,S,CBOE,26253
2014/06/13,AMZN,AMZN,S,CBOE,23278
2014/06/16,AMZN,AMZN,S,CBOE,11349
2014/06/17,AMZN,AMZN,S,CBOE,15810
2014/06/18,AMZN,AMZN,S,CBOE,42968
2014/06/19,AMZN,AMZN,S,CBOE,34042
2014/06/20,AMZN,AMZN,S,CBOE,32700
2014/06/23,AMZN,AMZN,S,CBOE,12558
2014/06/24,AMZN,AMZN,S,CBOE,14523
2014/06/25,AMZN,AMZN,S,CBOE,9561
2014/06/26,AMZN,AMZN,S,CBOE,11614
2014/06/27,AMZN,AMZN,S,CBOE,15847
2014/06/30,AMZN,AMZN,S,CBOE,14531
2014/07/01,AMZN,AMZN,S,CBOE,18816
2014/07/02,AMZN,AMZN,S,CBOE,15616
2014/07/03,AMZN,AMZN,S,CBOE,16989
2014/07/07,AMZN,AMZN,S,CBOE,11414
2014/07/08,AMZN,AMZN,S,CBOE,16111
2014/07/09,AMZN,AMZN,S,CBOE,15467
2014/07/10,AMZN,AMZN,S,CBOE,15920
2014/07/11,AMZN,AMZN,S,CBOE,55411
2014/07/14,AMZN,AMZN,S,CBOE,33962
2014/07/15,AMZN,AMZN,S,CBOE,15939
2014/07/16,AMZN,AMZN,S,CBOE,21334
2014/07/17,AMZN,AMZN,S,CBOE,17279
2014/07/18,AMZN,AMZN,S,CBOE,24446
2014/07/21,AMZN,AMZN,S,CBOE,8359
2014/07/22,AMZN,AMZN,S,CBOE,9516
2014/07/23,AMZN,AMZN,S,CBOE,10955
2014/07/24,AMZN,AMZN,S,CBOE,44648
2014/07/25,AMZN,AMZN,S,CBOE,103207
2014/07/28,AMZN,AMZN,S,CBOE,24843
2014/07/29,AMZN,AMZN,S,CBOE,13029
2014/07/30,AMZN,AMZN,S,CBOE,11947
2014/07/31,AMZN,AMZN,S,CBOE,21033
2014/08/01,AMZN,AMZN,S,CBOE,35387
2014/08/04,AMZN,AMZN,S,CBOE,11438
2014/08/05,AMZN,AMZN,S,CBOE,8007
2014/08/06,AMZN,AMZN,S,CBOE,8043
2014/08/07,AMZN,AMZN,S,CBOE,12592
2014/08/08,AMZN,AMZN,S,CBOE,18778
2014/08/11,AMZN,AMZN,S,CBOE,10579
2014/08/12,AMZN,AMZN,S,CBOE,10107
2014/08/13,AMZN,AMZN,S,CBOE,26394
2014/08/14,AMZN,AMZN,S,CBOE,22072
2014/08/15,AMZN,AMZN,S,CBOE,24707
2014/08/18,AMZN,AMZN,S,CBOE,12474
2014/08/19,AMZN,AMZN,S,CBOE,7166
2014/08/20,AMZN,AMZN,S,CBOE,9779
2014/08/21,AMZN,AMZN,S,CBOE,9575
2014/08/22,AMZN,AMZN,S,CBOE,16184
2014/08/25,AMZN,AMZN,S,CBOE,9427
2014/08/26,AMZN,AMZN,S,CBOE,27464
2014/08/27,AMZN,AMZN,S,CBOE,14304
2014/08/28,AMZN,AMZN,S,CBOE,12111
2014/08/29,AMZN,AMZN,S,CBOE,14818
2014/09/02,AMZN,AMZN,S,CBOE,10133
2014/09/03,AMZN,AMZN,S,CBOE,10237
2014/09/04,AMZN,AMZN,S,CBOE,27846
2014/09/05,AMZN,AMZN,S,CBOE,16427
2014/09/08,AMZN,AMZN,S,CBOE,12614
2014/09/09,AMZN,AMZN,S,CBOE,28338
2014/09/10,AMZN,AMZN,S,CBOE,20315
2014/09/11,AMZN,AMZN,S,CBOE,17936
2014/09/12,AMZN,AMZN,S,CBOE,19401
2014/09/15,AMZN,AMZN,S,CBOE,24454
2014/09/16,AMZN,AMZN,S,CBOE,14543
2014/09/17,AMZN,AMZN,S,CBOE,19448
2014/09/18,AMZN,AMZN,S,CBOE,15218
2014/09/19,AMZN,AMZN,S,CBOE,22388
2014/09/22,AMZN,AMZN,S,CBOE,17067
2014/09/23,AMZN,AMZN,S,CBOE,10173
2014/09/24,AMZN,AMZN,S,CBOE,18598
2014/09/25,AMZN,AMZN,S,CBOE,13702
2014/09/26,AMZN,AMZN,S,CBOE,20665
2014/09/29,AMZN,AMZN,S,CBOE,11368
2014/09/30,AMZN,AMZN,S,CBOE,10450
2014/10/01,AMZN,AMZN,S,CBOE,13795
2014/10/02,AMZN,AMZN,S,CBOE,21360
2014/10/03,AMZN,AMZN,S,CBOE,19196
2014/10/06,AMZN,AMZN,S,CBOE,29120
2014/10/07,AMZN,AMZN,S,CBOE,12214
2014/10/08,AMZN,AMZN,S,CBOE,15540
2014/10/09,AMZN,AMZN,S,CBOE,17048
2014/10/10,AMZN,AMZN,S,CBOE,19415
2014/10/13,AMZN,AMZN,S,CBOE,20961
2014/10/14,AMZN,AMZN,S,CBOE,19765
2014/10/15,AMZN,AMZN,S,CBOE,26489
2014/10/16,AMZN,AMZN,S,CBOE,20550
2014/10/17,AMZN,AMZN,S,CBOE,19295
2014/10/20,AMZN,AMZN,S,CBOE,13153
2014/10/21,AMZN,AMZN,S,CBOE,17802
2014/10/22,AMZN,AMZN,S,CBOE,16534
2014/10/23,AMZN,AMZN,S,CBOE,58713
2014/10/24,AMZN,AMZN,S,CBOE,89843
2014/10/27,AMZN,AMZN,S,CBOE,21769
2014/10/28,AMZN,AMZN,S,CBOE,34033
2014/10/29,AMZN,AMZN,S,CBOE,17610
2014/10/30,AMZN,AMZN,S,CBOE,17144
2014/10/31,AMZN,AMZN,S,CBOE,25579
2014/11/03,AMZN,AMZN,S,CBOE,12114
2014/11/04,AMZN,AMZN,S,CBOE,11212
2014/11/05,AMZN,AMZN,S,CBOE,22776
2014/11/06,AMZN,AMZN,S,CBOE,19047
2014/11/07,AMZN,AMZN,S,CBOE,19939
2014/11/10,AMZN,AMZN,S,CBOE,14097
2014/11/11,AMZN,AMZN,S,CBOE,28248
2014/11/12,AMZN,AMZN,S,CBOE,15240
2014/11/13,AMZN,AMZN,S,CBOE,30097
2014/11/14,AMZN,AMZN,S,CBOE,72793
2014/11/17,AMZN,AMZN,S,CBOE,24071
2014/11/18,AMZN,AMZN,S,CBOE,20849
2014/11/19,AMZN,AMZN,S,CBOE,15445
2014/11/20,AMZN,AMZN,S,CBOE,28220
2014/11/21,AMZN,AMZN,S,CBOE,40120
2014/11/24,AMZN,AMZN,S,CBOE,15919
2014/11/25,AMZN,AMZN,S,CBOE,17126
2014/11/26,AMZN,AMZN,S,CBOE,15022
2014/11/28,AMZN,AMZN,S,CBOE,30344
2014/12/01,AMZN,AMZN,S,CBOE,56027
2014/12/02,AMZN,AMZN,S,CBOE,22405
2014/12/03,AMZN,AMZN,S,CBOE,34972
2014/12/04,AMZN,AMZN,S,CBOE,25284
2014/12/05,AMZN,AMZN,S,CBOE,33186
2014/12/08,AMZN,AMZN,S,CBOE,24283
2014/12/09,AMZN,AMZN,S,CBOE,20046
2014/12/10,AMZN,AMZN,S,CBOE,21829
2014/12/11,AMZN,AMZN,S,CBOE,18419
2014/12/12,AMZN,AMZN,S,CBOE,17110
2014/12/15,AMZN,AMZN,S,CBOE,20541
2014/12/16,AMZN,AMZN,S,CBOE,28631
2014/12/17,AMZN,AMZN,S,CBOE,22437
2014/12/18,AMZN,AMZN,S,CBOE,26870
2014/12/19,AMZN,AMZN,S,CBOE,32485
2014/12/22,AMZN,AMZN,S,CBOE,15554
2014/12/23,AMZN,AMZN,S,CBOE,18762
2014/12/24,AMZN,AMZN,S,CBOE,9018
2014/12/26,AMZN,AMZN,S,CBOE,24933
2014/12/29,AMZN,AMZN,S,CBOE,19809
2014/12/30,AMZN,AMZN,S,CBOE,12369
2014/12/31,AMZN,AMZN,S,CBOE,13862
2015/01/02,AMZN,AMZN,S,CBOE,19880
2015/01/05,AMZN,AMZN,S,CBOE,13730
2015/01/06,AMZN,AMZN,S,CBOE,19979
2015/01/07,AMZN,AMZN,S,CBOE,15321
2015/01/08,AMZN,AMZN,S,CBOE,19324
2015/01/09,AMZN,AMZN,S,CBOE,21799
2015/01/12,AMZN,AMZN,S,CBOE,17254
2015/01/13,AMZN,AMZN,S,CBOE,24564
2015/01/14,AMZN,AMZN,S,CBOE,26373
2015/01/15,AMZN,AMZN,S,CBOE,18204
2015/01/16,AMZN,AMZN,S,CBOE,19113
2015/01/20,AMZN,AMZN,S,CBOE,10626
2015/01/21,AMZN,AMZN,S,CBOE,26237
2015/01/22,AMZN,AMZN,S,CBOE,23091
2015/01/23,AMZN,AMZN,S,CBOE,27376
2015/01/26,AMZN,AMZN,S,CBOE,9623
2015/01/27,AMZN,AMZN,S,CBOE,16575
2015/01/28,AMZN,AMZN,S,CBOE,11617
2015/01/29,AMZN,AMZN,S,CBOE,53275
2015/01/30,AMZN,AMZN,S,CBOE,93950
2015/02/02,AMZN,AMZN,S,CBOE,28354
2015/02/03,AMZN,AMZN,S,CBOE,16975
2015/02/04,AMZN,AMZN,S,CBOE,15404
2015/02/05,AMZN,AMZN,S,CBOE,33278
2015/02/06,AMZN,AMZN,S,CBOE,20340
2015/02/09,AMZN,AMZN,S,CBOE,9855
2015/02/10,AMZN,AMZN,S,CBOE,12245
2015/02/11,AMZN,AMZN,S,CBOE,11322
2015/02/12,AMZN,AMZN,S,CBOE,13686
2015/02/13,AMZN,AMZN,S,CBOE,22053
2015/02/17,AMZN,AMZN,S,CBOE,16942
2015/02/18,AMZN,AMZN,S,CBOE,10350
2015/02/19,AMZN,AMZN,S,CBOE,16574
2015/02/20,AMZN,AMZN,S,CBOE,23683
2015/02/23,AMZN,AMZN,S,CBOE,14768
2015/02/24,AMZN,AMZN,S,CBOE,10227
2015/02/25,AMZN,AMZN,S,CBOE,20778
2015/02/26,AMZN,AMZN,S,CBOE,15523
2015/02/27,AMZN,AMZN,S,CBOE,17203
2015/03/02,AMZN,AMZN,S,CBOE,13001
2015/03/03,AMZN,AMZN,S,CBOE,7888
2015/03/04,AMZN,AMZN,S,CBOE,11753
2015/03/05,AMZN,AMZN,S,CBOE,14674
2015/03/06,AMZN,AMZN,S,CBOE,19507
2015/03/09,AMZN,AMZN,S,CBOE,11863
2015/03/10,AMZN,AMZN,S,CBOE,22648
2015/03/11,AMZN,AMZN,S,CBOE,9851
2015/03/12,AMZN,AMZN,S,CBOE,12079
2015/03/13,AMZN,AMZN,S,CBOE,18079
2015/03/16,AMZN,AMZN,S,CBOE,11671
2015/03/17,AMZN,AMZN,S,CBOE,10912
2015/03/18,AMZN,AMZN,S,CBOE,15513
2015/03/19,AMZN,AMZN,S,CBOE,12266
2015/03/20,AMZN,AMZN,S,CBOE,20635
2015/03/23,AMZN,AMZN,S,CBOE,17254
2015/03/24,AMZN,AMZN,S,CBOE,8890
2015/03/25,AMZN,AMZN,S,CBOE,17843
2015/03/26,AMZN,AMZN,S,CBOE,21752
2015/03/27,AMZN,AMZN,S,CBOE,18492
2015/03/30,AMZN,AMZN,S,CBOE,8287
2015/03/31,AMZN,AMZN,S,CBOE,9388
2015/04/01,AMZN,AMZN,S,CBOE,12575
2015/04/02,AMZN,AMZN,S,CBOE,15228
2015/04/06,AMZN,AMZN,S,CBOE,12387
2015/04/07,AMZN,AMZN,S,CBOE,8583
2015/04/08,AMZN,AMZN,S,CBOE,17456
2015/04/09,AMZN,AMZN,S,CBOE,18505
2015/04/10,AMZN,AMZN,S,CBOE,18770
2015/04/13,AMZN,AMZN,S,CBOE,10939
2015/04/14,AMZN,AMZN,S,CBOE,15834
2015/04/15,AMZN,AMZN,S,CBOE,11144
2015/04/16,AMZN,AMZN,S,CBOE,18326
2015/04/17,AMZN,AMZN,S,CBOE,27156
2015/04/20,AMZN,AMZN,S,CBOE,19244
2015/04/21,AMZN,AMZN,S,CBOE,16151
2015/04/22,AMZN,AMZN,S,CBOE,12861
2015/04/23,AMZN,AMZN,S,CBOE,52519
2015/04/24,AMZN,AMZN,S,CBOE,106903
2015/04/27,AMZN,AMZN,S,CBOE,23505
2015/04/28,AMZN,AMZN,S,CBOE,20758
2015/04/29,AMZN,AMZN,S,CBOE,20410
2015/04/30,AMZN,AMZN,S,CBOE,24003
2015/05/01,AMZN,AMZN,S,CBOE,13621
2015/05/04,AMZN,AMZN,S,CBOE,8053
2015/05/05,AMZN,AMZN,S,CBOE,8545
2015/05/06,AMZN,AMZN,S,CBOE,9146
2015/05/07,AMZN,AMZN,S,CBOE,10630
2015/05/08,AMZN,AMZN,S,CBOE,13924
2015/05/11,AMZN,AMZN,S,CBOE,6267
2015/05/12,AMZN,AMZN,S,CBOE,5376
2015/05/13,AMZN,AMZN,S,CBOE,7677
2015/05/14,AMZN,AMZN,S,CBOE,7492
2015/05/15,AMZN,AMZN,S,CBOE,13797
2015/05/18,AMZN,AMZN,S,CBOE,7880
2015/05/19,AMZN,AMZN,S,CBOE,6456
2015/05/20,AMZN,AMZN,S,CBOE,7294
2015/05/21,AMZN,AMZN,S,CBOE,17847
2015/05/22,AMZN,AMZN,S,CBOE,10964
2015/05/26,AMZN,AMZN,S,CBOE,7544
2015/05/27,AMZN,AMZN,S,CBOE,8521
2015/05/28,AMZN,AMZN,S,CBOE,6241
2015/05/29,AMZN,AMZN,S,CBOE,13768
2015/06/01,AMZN,AMZN,S,CBOE,17023
2015/06/02,AMZN,AMZN,S,CBOE,10237
2015/06/03,AMZN,AMZN,S,CBOE,14271
2015/06/04,AMZN,AMZN,S,CBOE,13613
2015/06/05,AMZN,AMZN,S,CBOE,13650
2015/06/08,AMZN,AMZN,S,CBOE,9284
2015/06/09,AMZN,AMZN,S,CBOE,8287
2015/06/10,AMZN,AMZN,S,CBOE,7921
2015/06/11,AMZN,AMZN,S,CBOE,19626
2015/06/12,AMZN,AMZN,S,CBOE,11874
2015/06/15,AMZN,AMZN,S,CBOE,10005
2015/06/16,AMZN,AMZN,S,CBOE,7621
2015/06/17,AMZN,AMZN,S,CBOE,8950
2015/06/18,AMZN,AMZN,S,CBOE,16558
2015/06/19,AMZN,AMZN,S,CBOE,15879
2015/06/22,AMZN,AMZN,S,CBOE,9304
2015/06/23,AMZN,AMZN,S,CBOE,14601
2015/06/24,AMZN,AMZN,S,CBOE,10044
2015/06/25,AMZN,AMZN,S,CBOE,9447
2015/06/26,AMZN,AMZN,S,CBOE,11397
2015/06/29,AMZN,AMZN,S,CBOE,7710
2015/06/30,AMZN,AMZN,S,CBOE,5582
2015/07/01,AMZN,AMZN,S,CBOE,5940
2015/07/02,AMZN,AMZN,S,CBOE,7293
2015/07/06,AMZN,AMZN,S,CBOE,7125
2015/07/07,AMZN,AMZN,S,CBOE,6058
2015/07/08,AMZN,AMZN,S,CBOE,6065
2015/07/09,AMZN,AMZN,S,CBOE,6132
2015/07/10,AMZN,AMZN,S,CBOE,12010
2015/07/13,AMZN,AMZN,S,CBOE,11271
2015/07/14,AMZN,AMZN,S,CBOE,13836
2015/07/15,AMZN,AMZN,S,CBOE,8931
2015/07/16,AMZN,AMZN,S,CBOE,28123
2015/07/17,AMZN,AMZN,S,CBOE,20781
2015/07/20,AMZN,AMZN,S,CBOE,13893
2015/07/21,AMZN,AMZN,S,CBOE,7272
2015/07/22,AMZN,AMZN,S,CBOE,13031
2015/07/23,AMZN,AMZN,S,CBOE,26799
2015/07/24,AMZN,AMZN,S,CBOE,67780
2015/07/27,AMZN,AMZN,S,CBOE,17826
2015/07/28,AMZN,AMZN,S,CBOE,9983
2015/07/29,AMZN,AMZN,S,CBOE,6483
2015/07/30,AMZN,AMZN,S,CBOE,12033
2015/07/31,AMZN,AMZN,S,CBOE,10508
2015/08/03,AMZN,AMZN,S,CBOE,8064
2015/08/04,AMZN,AMZN,S,CBOE,5153
2015/08/05,AMZN,AMZN,S,CBOE,6412
2015/08/06,AMZN,AMZN,S,CBOE,14350
2015/08/07,AMZN,AMZN,S,CBOE,18587
2015/08/10,AMZN,AMZN,S,CBOE,5252
2015/08/11,AMZN,AMZN,S,CBOE,5669
2015/08/12,AMZN,AMZN,S,CBOE,10234
2015/08/13,AMZN,AMZN,S,CBOE,11091
2015/08/14,AMZN,AMZN,S,CBOE,9615
2015/08/17,AMZN,AMZN,S,CBOE,7835
2015/08/18,AMZN,AMZN,S,CBOE,5221
2015/08/19,AMZN,AMZN,S,CBOE,6129
2015/08/20,AMZN,AMZN,S,CBOE,12765
2015/08/21,AMZN,AMZN,S,CBOE,20518
2015/08/24,AMZN,AMZN,S,CBOE,10934
2015/08/25,AMZN,AMZN,S,CBOE,7452
2015/08/26,AMZN,AMZN,S,CBOE,9006
2015/08/27,AMZN,AMZN,S,CBOE,17062
2015/08/28,AMZN,AMZN,S,CBOE,9486
2015/08/31,AMZN,AMZN,S,CBOE,6156
2015/09/01,AMZN,AMZN,S,CBOE,10093
2015/09/02,AMZN,AMZN,S,CBOE,5980
2015/09/03,AMZN,AMZN,S,CBOE,9368
2015/09/04,AMZN,AMZN,S,CBOE,8953
2015/09/08,AMZN,AMZN,S,CBOE,7168
2015/09/09,AMZN,AMZN,S,CBOE,8789
2015/09/10,AMZN,AMZN,S,CBOE,7767
2015/09/11,AMZN,AMZN,S,CBOE,11431
2015/09/14,AMZN,AMZN,S,CBOE,5414
2015/09/15,AMZN,AMZN,S,CBOE,7225
2015/09/16,AMZN,AMZN,S,CBOE,5008
2015/09/17,AMZN,AMZN,S,CBOE,14515
2015/09/18,AMZN,AMZN,S,CBOE,22969
2015/09/21,AMZN,AMZN,S,CBOE,7665
2015/09/22,AMZN,AMZN,S,CBOE,10333
2015/09/23,AMZN,AMZN,S,CBOE,4722
2015/09/24,AMZN,AMZN,S,CBOE,9052
2015/09/25,AMZN,AMZN,S,CBOE,14424
2015/09/28,AMZN,AMZN,S,CBOE,11006
2015/09/29,AMZN,AMZN,S,CBOE,9824
2015/09/30,AMZN,AMZN,S,CBOE,7078
2015/10/01,AMZN,AMZN,S,CBOE,11088
2015/10/02,AMZN,AMZN,S,CBOE,17170
2015/10/05,AMZN,AMZN,S,CBOE,7491
2015/10/06,AMZN,AMZN,S,CBOE,10547
2015/10/07,AMZN,AMZN,S,CBOE,8312
2015/10/08,AMZN,AMZN,S,CBOE,12508
2015/10/09,AMZN,AMZN,S,CBOE,14346
2015/10/12,AMZN,AMZN,S,CBOE,10407
2015/10/13,AMZN,AMZN,S,CBOE,7422
2015/10/14,AMZN,AMZN,S,CBOE,8700
2015/10/15,AMZN,AMZN,S,CBOE,19720
2015/10/16,AMZN,AMZN,S,CBOE,19661
2015/10/19,AMZN,AMZN,S,CBOE,10157
2015/10/20,AMZN,AMZN,S,CBOE,12049
2015/10/21,AMZN,AMZN,S,CBOE,11959
2015/10/22,AMZN,AMZN,S,CBOE,23439
2015/10/23,AMZN,AMZN,S,CBOE,43711
2015/10/26,AMZN,AMZN,S,CBOE,13250
2015/10/27,AMZN,AMZN,S,CBOE,10281
2015/10/28,AMZN,AMZN,S,CBOE,14528
2015/10/29,AMZN,AMZN,S,CBOE,24602
2015/10/30,AMZN,AMZN,S,CBOE,17045
2015/11/02,AMZN,AMZN,S,CBOE,7605
2015/11/03,AMZN,AMZN,S,CBOE,6119
2015/11/04,AMZN,AMZN,S,CBOE,17639
2015/11/05,AMZN,AMZN,S,CBOE,17219
2015/11/06,AMZN,AMZN,S,CBOE,15577
2015/11/09,AMZN,AMZN,S,CBOE,12709
2015/11/10,AMZN,AMZN,S,CBOE,8094
2015/11/11,AMZN,AMZN,S,CBOE,18651
2015/11/12,AMZN,AMZN,S,CBOE,13830
2015/11/13,AMZN,AMZN,S,CBOE,27569
2015/11/16,AMZN,AMZN,S,CBOE,21078
2015/11/17,AMZN,AMZN,S,CBOE,10139
2015/11/18,AMZN,AMZN,S,CBOE,15611
2015/11/19,AMZN,AMZN,S,CBOE,20791
2015/11/20,AMZN,AMZN,S,CBOE,21564
2015/11/23,AMZN,AMZN,S,CBOE,19299
2015/11/24,AMZN,AMZN,S,CBOE,19179
2015/11/25,AMZN,AMZN,S,CBOE,14725
2015/11/27,AMZN,AMZN,S,CBOE,11644
2015/11/30,AMZN,AMZN,S,CBOE,13898
2015/12/01,AMZN,AMZN,S,CBOE,16146
2015/12/02,AMZN,AMZN,S,CBOE,13233
2015/12/03,AMZN,AMZN,S,CBOE,16018
2015/12/04,AMZN,AMZN,S,CBOE,17573
2015/12/07,AMZN,AMZN,S,CBOE,11042
2015/12/08,AMZN,AMZN,S,CBOE,11891
2015/12/09,AMZN,AMZN,S,CBOE,14829
2015/12/10,AMZN,AMZN,S,CBOE,11673
2015/12/11,AMZN,AMZN,S,CBOE,23498
2015/12/14,AMZN,AMZN,S,CBOE,11512
2015/12/15,AMZN,AMZN,S,CBOE,10465
2015/12/16,AMZN,AMZN,S,CBOE,11673
2015/12/17,AMZN,AMZN,S,CBOE,14892
2015/12/18,AMZN,AMZN,S,CBOE,20097
2015/12/21,AMZN,AMZN,S,CBOE,10367
2015/12/22,AMZN,AMZN,S,CBOE,8510
2015/12/23,AMZN,AMZN,S,CBOE,10475
2015/12/24,AMZN,AMZN,S,CBOE,6363
2015/12/28,AMZN,AMZN,S,CBOE,11612
2015/12/29,AMZN,AMZN,S,CBOE,20900
2015/12/30,AMZN,AMZN,S,CBOE,12412
2015/12/31,AMZN,AMZN,S,CBOE,18010
2016/01/04,AMZN,AMZN,S,CBOE,21253
2016/01/05,AMZN,AMZN,S,CBOE,13660
2016/01/06,AMZN,AMZN,S,CBOE,14965
2016/01/07,AMZN,AMZN,S,CBOE,24830
2016/01/08,AMZN,AMZN,S,CBOE,21182
2016/01/11,AMZN,AMZN,S,CBOE,13698
2016/01/12,AMZN,AMZN,S,CBOE,9980
2016/01/13,AMZN,AMZN,S,CBOE,23023
2016/01/14,AMZN,AMZN,S,CBOE,20709
2016/01/15,AMZN,AMZN,S,CBOE,24869
2016/01/19,AMZN,AMZN,S,CBOE,10722
2016/01/20,AMZN,AMZN,S,CBOE,13897
2016/01/21,AMZN,AMZN,S,CBOE,11847
2016/01/22,AMZN,AMZN,S,CBOE,22619
2016/01/25,AMZN,AMZN,S,CBOE,15855
2016/01/26,AMZN,AMZN,S,CBOE,11444
2016/01/27,AMZN,AMZN,S,CBOE,10563
2016/01/28,AMZN,AMZN,S,CBOE,45110
2016/01/29,AMZN,AMZN,S,CBOE,53193
2016/02/01,AMZN,AMZN,S,CBOE,16838
2016/02/02,AMZN,AMZN,S,CBOE,19528
2016/02/03,AMZN,AMZN,S,CBOE,19552
2016/02/04,AMZN,AMZN,S,CBOE,15595
2016/02/05,AMZN,AMZN,S,CBOE,24978
2016/02/08,AMZN,AMZN,S,CBOE,14377
2016/02/09,AMZN,AMZN,S,CBOE,11524
2016/02/10,AMZN,AMZN,S,CBOE,13693
2016/02/11,AMZN,AMZN,S,CBOE,12866
2016/02/12,AMZN,AMZN,S,CBOE,16342
2016/02/16,AMZN,AMZN,S,CBOE,8764
2016/02/17,AMZN,AMZN,S,CBOE,12144
2016/02/18,AMZN,AMZN,S,CBOE,10744
2016/02/19,AMZN,AMZN,S,CBOE,25020
2016/02/22,AMZN,AMZN,S,CBOE,14184
2016/02/23,AMZN,AMZN,S,CBOE,10009
2016/02/24,AMZN,AMZN,S,CBOE,14945
2016/02/25,AMZN,AMZN,S,CBOE,12974
2016/02/26,AMZN,AMZN,S,CBOE,17786
2016/02/29,AMZN,AMZN,S,CBOE,8351
2016/03/01,AMZN,AMZN,S,CBOE,13912
2016/03/02,AMZN,AMZN,S,CBOE,13830
2016/03/03,AMZN,AMZN,S,CBOE,8593
2016/03/04,AMZN,AMZN,S,CBOE,13993
2016/03/07,AMZN,AMZN,S,CBOE,11788
2016/03/08,AMZN,AMZN,S,CBOE,10579
2016/03/09,AMZN,AMZN,S,CBOE,8923
2016/03/10,AMZN,AMZN,S,CBOE,13703
2016/03/11,AMZN,AMZN,S,CBOE,16721
2016/03/14,AMZN,AMZN,S,CBOE,9558
2016/03/15,AMZN,AMZN,S,CBOE,9670
2016/03/16,AMZN,AMZN,S,CBOE,8335
2016/03/17,AMZN,AMZN,S,CBOE,19903
2016/03/18,AMZN,AMZN,S,CBOE,23110
2016/03/21,AMZN,AMZN,S,CBOE,10131
2016/03/22,AMZN,AMZN,S,CBOE,11585
2016/03/23,AMZN,AMZN,S,CBOE,12987
2016/03/24,AMZN,AMZN,S,CBOE,27747
2016/03/28,AMZN,AMZN,S,CBOE,9694
2016/03/29,AMZN,AMZN,S,CBOE,15919
2016/03/30,AMZN,AMZN,S,CBOE,12458
2016/03/31,AMZN,AMZN,S,CBOE,7003
2016/04/01,AMZN,AMZN,S,CBOE,10769
2016/04/04,AMZN,AMZN,S,CBOE,8039
2016/04/05,AMZN,AMZN,S,CBOE,6536
2016/04/06,AMZN,AMZN,S,CBOE,10816
2016/04/07,AMZN,AMZN,S,CBOE,11971
2016/04/08,AMZN,AMZN,S,CBOE,13931
2016/04/11,AMZN,AMZN,S,CBOE,8524
2016/04/12,AMZN,AMZN,S,CBOE,10092
2016/04/13,AMZN,AMZN,S,CBOE,17548
2016/04/14,AMZN,AMZN,S,CBOE,18001
2016/04/15,AMZN,AMZN,S,CBOE,16108
2016/04/18,AMZN,AMZN,S,CBOE,13839
2016/04/19,AMZN,AMZN,S,CBOE,11872
2016/04/20,AMZN,AMZN,S,CBOE,10121
2016/04/21,AMZN,AMZN,S,CBOE,11542
2016/04/22,AMZN,AMZN,S,CBOE,25846
2016/04/25,AMZN,AMZN,S,CBOE,8958
2016/04/26,AMZN,AMZN,S,CBOE,6613
2016/04/27,AMZN,AMZN,S,CBOE,13520
2016/04/28,AMZN,AMZN,S,CBOE,33243
2016/04/29,AMZN,AMZN,S,CBOE,45764
2016/05/02,AMZN,AMZN,S,CBOE,21249
2016/05/03,AMZN,AMZN,S,CBOE,12153
2016/05/04,AMZN,AMZN,S,CBOE,10538
2016/05/05,AMZN,AMZN,S,CBOE,15661
2016/05/06,AMZN,AMZN,S,CBOE,18973
2016/05/09,AMZN,AMZN,S,CBOE,14313
2016/05/10,AMZN,AMZN,S,CBOE,22987
2016/05/11,AMZN,AMZN,S,CBOE,29670
2016/05/12,AMZN,AMZN,S,CBOE,20926
2016/05/13,AMZN,AMZN,S,CBOE,28461
2016/05/16,AMZN,AMZN,S,CBOE,14731
2016/05/17,AMZN,AMZN,S,CBOE,19060
2016/05/18,AMZN,AMZN,S,CBOE,16973
2016/05/19,AMZN,AMZN,S,CBOE,15211
2016/05/20,AMZN,AMZN,S,CBOE,23321
2016/05/23,AMZN,AMZN,S,CBOE,13229
2016/05/24,AMZN,AMZN,S,CBOE,12362
2016/05/25,AMZN,AMZN,S,CBOE,12973
2016/05/26,AMZN,AMZN,S,CBOE,15242
2016/05/27,AMZN,AMZN,S,CBOE,17740
2016/05/31,AMZN,AMZN,S,CBOE,17222
2016/06/01,AMZN,AMZN,S,CBOE,14596
2016/06/02,AMZN,AMZN,S,CBOE,18531
2016/06/03,AMZN,AMZN,S,CBOE,20448
2016/06/06,AMZN,AMZN,S,CBOE,14454
2016/06/07,AMZN,AMZN,S,CBOE,10867
2016/06/08,AMZN,AMZN,S,CBOE,10954
2016/06/09,AMZN,AMZN,S,CBOE,10780
2016/06/10,AMZN,AMZN,S,CBOE,23297
2016/06/13,AMZN,AMZN,S,CBOE,11494
2016/06/14,AMZN,AMZN,S,CBOE,10107
2016/06/15,AMZN,AMZN,S,CBOE,9714
2016/06/16,AMZN,AMZN,S,CBOE,17194
2016/06/17,AMZN,AMZN,S,CBOE,24989
2016/06/20,AMZN,AMZN,S,CBOE,12594
2016/06/21,AMZN,AMZN,S,CBOE,10187
2016/06/22,AMZN,AMZN,S,CBOE,9114
2016/06/23,AMZN,AMZN,S,CBOE,13667
2016/06/24,AMZN,AMZN,S,CBOE,25430
2016/06/27,AMZN,AMZN,S,CBOE,17196
2016/06/28,AMZN,AMZN,S,CBOE,12378
2016/06/29,AMZN,AMZN,S,CBOE,13613
2016/06/30,AMZN,AMZN,S,CBOE,12864
2016/07/01,AMZN,AMZN,S,CBOE,20961
2016/07/05,AMZN,AMZN,S,CBOE,11755
2016/07/06,AMZN,AMZN,S,CBOE,20118
2016/07/07,AMZN,AMZN,S,CBOE,11411
2016/07/08,AMZN,AMZN,S,CBOE,22739
2016/07/11,AMZN,AMZN,S,CBOE,15623
2016/07/12,AMZN,AMZN,S,CBOE,23337
2016/07/13,AMZN,AMZN,S,CBOE,16757
2016/07/14,AMZN,AMZN,S,CBOE,13548
2016/07/15,AMZN,AMZN,S,CBOE,20908
2016/07/18,AMZN,AMZN,S,CBOE,14824
2016/07/19,AMZN,AMZN,S,CBOE,10502
2016/07/20,AMZN,AMZN,S,CBOE,11849
2016/07/21,AMZN,AMZN,S,CBOE,16457
2016/07/22,AMZN,AMZN,S,CBOE,22529
2016/07/25,AMZN,AMZN,S,CBOE,12416
2016/07/26,AMZN,AMZN,S,CBOE,7746
2016/07/27,AMZN,AMZN,S,CBOE,9281
2016/07/28,AMZN,AMZN,S,CBOE,42319
2016/07/29,AMZN,AMZN,S,CBOE,49384
2016/08/01,AMZN,AMZN,S,CBOE,16728
2016/08/02,AMZN,AMZN,S,CBOE,12773
2016/08/03,AMZN,AMZN,S,CBOE,13264
2016/08/04,AMZN,AMZN,S,CBOE,14665
2016/08/05,AMZN,AMZN,S,CBOE,18459
2016/08/08,AMZN,AMZN,S,CBOE,16418
2016/08/09,AMZN,AMZN,S,CBOE,12463
2016/08/10,AMZN,AMZN,S,CBOE,11165
2016/08/11,AMZN,AMZN,S,CBOE,13634
2016/08/12,AMZN,AMZN,S,CBOE,15307
2016/08/15,AMZN,AMZN,S,CBOE,10576
2016/08/16,AMZN,AMZN,S,CBOE,8794
2016/08/17,AMZN,AMZN,S,CBOE,10735
2016/08/18,AMZN,AMZN,S,CBOE,12965
2016/08/19,AMZN,AMZN,S,CBOE,18865
2016/08/22,AMZN,AMZN,S,CBOE,13651
2016/08/23,AMZN,AMZN,S,CBOE,10843
2016/08/24,AMZN,AMZN,S,CBOE,10499
2016/08/25,AMZN,AMZN,S,CBOE,9399
2016/08/26,AMZN,AMZN,S,CBOE,25103
2016/08/29,AMZN,AMZN,S,CBOE,17784
2016/08/30,AMZN,AMZN,S,CBOE,10282
2016/08/31,AMZN,AMZN,S,CBOE,9020
2016/09/01,AMZN,AMZN,S,CBOE,10834
2016/09/02,AMZN,AMZN,S,CBOE,21285
2016/09/06,AMZN,AMZN,S,CBOE,28407
2016/09/07,AMZN,AMZN,S,CBOE,13725
2016/09/08,AMZN,AMZN,S,CBOE,11781
2016/09/09,AMZN,AMZN,S,CBOE,40031
2016/09/12,AMZN,AMZN,S,CBOE,20863
2016/09/13,AMZN,AMZN,S,CBOE,15379
2016/09/14,AMZN,AMZN,S,CBOE,13410
2016/09/15,AMZN,AMZN,S,CBOE,19112
2016/09/16,AMZN,AMZN,S,CBOE,33994
2016/09/19,AMZN,AMZN,S,CBOE,14193
2016/09/20,AMZN,AMZN,S,CBOE,10518
2016/09/21,AMZN,AMZN,S,CBOE,13743
2016/09/22,AMZN,AMZN,S,CBOE,29842
2016/09/23,AMZN,AMZN,S,CBOE,25093
2016/09/26,AMZN,AMZN,S,CBOE,18422
2016/09/27,AMZN,AMZN,S,CBOE,27957
2016/09/28,AMZN,AMZN,S,CBOE,39019
2016/09/29,AMZN,AMZN,S,CBOE,41142
2016/09/30,AMZN,AMZN,S,CBOE,40006
2016/10/03,AMZN,AMZN,S,CBOE,17284
2016/10/04,AMZN,AMZN,S,CBOE,14914
2016/10/05,AMZN,AMZN,S,CBOE,18579
2016/10/06,AMZN,AMZN,S,CBOE,15515
2016/10/07,AMZN,AMZN,S,CBOE,21692
2016/10/10,AMZN,AMZN,S,CBOE,12399
2016/10/11,AMZN,AMZN,S,CBOE,17427
2016/10/12,AMZN,AMZN,S,CBOE,11031
2016/10/13,AMZN,AMZN,S,CBOE,16151
2016/10/14,AMZN,AMZN,S,CBOE,22761
2016/10/17,AMZN,AMZN,S,CBOE,21899
2016/10/18,AMZN,AMZN,S,CBOE,16201
2016/10/19,AMZN,AMZN,S,CBOE,10705
2016/10/20,AMZN,AMZN,S,CBOE,16785
2016/10/21,AMZN,AMZN,S,CBOE,25205
2016/10/24,AMZN,AMZN,S,CBOE,19442
2016/10/25,AMZN,AMZN,S,CBOE,12820
2016/10/26,AMZN,AMZN,S,CBOE,14550
2016/10/27,AMZN,AMZN,S,CBOE,33839
2016/10/28,AMZN,AMZN,S,CBOE,68612
2016/10/31,AMZN,AMZN,S,CBOE,20333
2016/11/01,AMZN,AMZN,S,CBOE,18563
2016/11/02,AMZN,AMZN,S,CBOE,21403
2016/11/03,AMZN,AMZN,S,CBOE,17167
2016/11/04,AMZN,AMZN,S,CBOE,27745
2016/11/07,AMZN,AMZN,S,CBOE,15211
2016/11/08,AMZN,AMZN,S,CBOE,11270
2016/11/09,AMZN,AMZN,S,CBOE,22503
2016/11/10,AMZN,AMZN,S,CBOE,33270
2016/11/11,AMZN,AMZN,S,CBOE,30579
2016/11/14,AMZN,AMZN,S,CBOE,26508
2016/11/15,AMZN,AMZN,S,CBOE,19667
2016/11/16,AMZN,AMZN,S,CBOE,15455
2016/11/17,AMZN,AMZN,S,CBOE,18973
2016/11/18,AMZN,AMZN,S,CBOE,30986
2016/11/21,AMZN,AMZN,S,CBOE,24106
2016/11/22,AMZN,AMZN,S,CBOE,26347
2016/11/23,AMZN,AMZN,S,CBOE,17425
2016/11/25,AMZN,AMZN,S,CBOE,15454
2016/11/28,AMZN,AMZN,S,CBOE,17329
2016/11/29,AMZN,AMZN,S,CBOE,13423
2016/11/30,AMZN,AMZN,S,CBOE,22945
2016/12/01,AMZN,AMZN,S,CBOE,24857
2016/12/02,AMZN,AMZN,S,CBOE,24060
2016/12/05,AMZN,AMZN,S,CBOE,18645
2016/12/06,AMZN,AMZN,S,CBOE,16460
2016/12/07,AMZN,AMZN,S,CBOE,18142
2016/12/08,AMZN,AMZN,S,CBOE,20022
2016/12/09,AMZN,AMZN,S,CBOE,19253
2016/12/12,AMZN,AMZN,S,CBOE,12675
2016/12/13,AMZN,AMZN,S,CBOE,22498
2016/12/14,AMZN,AMZN,S,CBOE,19702
2016/12/15,AMZN,AMZN,S,CBOE,21375
2016/12/16,AMZN,AMZN,S,CBOE,34693
2016/12/19,AMZN,AMZN,S,CBOE,18219
2016/12/20,AMZN,AMZN,S,CBOE,15594
2016/12/21,AMZN,AMZN,S,CBOE,12413
2016/12/22,AMZN,AMZN,S,CBOE,14319
2016/12/23,AMZN,AMZN,S,CBOE,25539
2016/12/27,AMZN,AMZN,S,CBOE,21555
2016/12/28,AMZN,AMZN,S,CBOE,20193
2016/12/29,AMZN,AMZN,S,CBOE,20804
2016/12/30,AMZN,AMZN,S,CBOE,36587
2017/01/03,AMZN,AMZN,S,CBOE,20571
2017/01/04,AMZN,AMZN,S,CBOE,17742
2017/01/05,AMZN,AMZN,S,CBOE,35648
2017/01/06,AMZN,AMZN,S,CBOE,53833
2017/01/09,AMZN,AMZN,S,CBOE,19832
2017/01/10,AMZN,AMZN,S,CBOE,16657
2017/01/11,AMZN,AMZN,S,CBOE,20169
2017/01/12,AMZN,AMZN,S,CBOE,39573
2017/01/13,AMZN,AMZN,S,CBOE,44754
2017/01/17,AMZN,AMZN,S,CBOE,26248
2017/01/18,AMZN,AMZN,S,CBOE,17097
2017/01/19,AMZN,AMZN,S,CBOE,24386
2017/01/20,AMZN,AMZN,S,CBOE,33222
2017/01/23,AMZN,AMZN,S,CBOE,25166
2017/01/24,AMZN,AMZN,S,CBOE,22119
2017/01/25,AMZN,AMZN,S,CBOE,28771
2017/01/26,AMZN,AMZN,S,CBOE,25165
2017/01/27,AMZN,AMZN,S,CBOE,31326
2017/01/30,AMZN,AMZN,S,CBOE,15066
2017/01/31,AMZN,AMZN,S,CBOE,11800
2017/02/01,AMZN,AMZN,S,CBOE,18219
2017/02/02,AMZN,AMZN,S,CBOE,53699
2017/02/03,AMZN,AMZN,S,CBOE,75047
2017/02/06,AMZN,AMZN,S,CBOE,26423
2017/02/07,AMZN,AMZN,S,CBOE,25097
2017/02/08,AMZN,AMZN,S,CBOE,28302
2017/02/09,AMZN,AMZN,S,CBOE,21493
2017/02/10,AMZN,AMZN,S,CBOE,26047
2017/02/13,AMZN,AMZN,S,CBOE,36632
2017/02/14,AMZN,AMZN,S,CBOE,17981
2017/02/15,AMZN,AMZN,S,CBOE,22685
2017/02/16,AMZN,AMZN,S,CBOE,27544
2017/02/17,AMZN,AMZN,S,CBOE,37600
2017/02/21,AMZN,AMZN,S,CBOE,33416
2017/02/22,AMZN,AMZN,S,CBOE,22283
2017/02/23,AMZN,AMZN,S,CBOE,26165
2017/02/24,AMZN,AMZN,S,CBOE,43933
2017/02/27,AMZN,AMZN,S,CBOE,23520
2017/02/28,AMZN,AMZN,S,CBOE,16759
2017/03/01,AMZN,AMZN,S,CBOE,20650
2017/03/02,AMZN,AMZN,S,CBOE,20251
2017/03/03,AMZN,AMZN,S,CBOE,27528
2017/03/06,AMZN,AMZN,S,CBOE,22384
2017/03/07,AMZN,AMZN,S,CBOE,16566
2017/03/08,AMZN,AMZN,S,CBOE,22319
2017/03/09,AMZN,AMZN,S,CBOE,25984
2017/03/10,AMZN,AMZN,S,CBOE,29213
2017/03/13,AMZN,AMZN,S,CBOE,18048
2017/03/14,AMZN,AMZN,S,CBOE,17689
2017/03/15,AMZN,AMZN,S,CBOE,22317
2017/03/16,AMZN,AMZN,S,CBOE,22740
2017/03/17,AMZN,AMZN,S,CBOE,25856
2017/03/20,AMZN,AMZN,S,CBOE,31878
2017/03/21,AMZN,AMZN,S,CBOE,45204
2017/03/22,AMZN,AMZN,S,CBOE,24594
2017/03/23,AMZN,AMZN,S,CBOE,17342
2017/03/24,AMZN,AMZN,S,CBOE,26495
2017/03/27,AMZN,AMZN,S,CBOE,17372
2017/03/28,AMZN,AMZN,S,CBOE,28159
2017/03/29,AMZN,AMZN,S,CBOE,51001
2017/03/30,AMZN,AMZN,S,CBOE,28408
2017/03/31,AMZN,AMZN,S,CBOE,50734
2017/04/03,AMZN,AMZN,S,CBOE,27083
2017/04/04,AMZN,AMZN,S,CBOE,39804
2017/04/05,AMZN,AMZN,S,CBOE,57643
2017/04/06,AMZN,AMZN,S,CBOE,45947
2017/04/07,AMZN,AMZN,S,CBOE,54074
2017/04/10,AMZN,AMZN,S,CBOE,27985
2017/04/11,AMZN,AMZN,S,CBOE,25615
2017/04/12,AMZN,AMZN,S,CBOE,21787
2017/04/13,AMZN,AMZN,S,CBOE,40839
2017/04/17,AMZN,AMZN,S,CBOE,23625
2017/04/18,AMZN,AMZN,S,CBOE,22883
2017/04/19,AMZN,AMZN,S,CBOE,24802
2017/04/20,AMZN,AMZN,S,CBOE,22890
2017/04/21,AMZN,AMZN,S,CBOE,25611
2017/04/24,AMZN,AMZN,S,CBOE,14309
2017/04/25,AMZN,AMZN,S,CBOE,13770
2017/04/26,AMZN,AMZN,S,CBOE,14784
2017/04/27,AMZN,AMZN,S,CBOE,37973
2017/04/28,AMZN,AMZN,S,CBOE,75436
2017/05/01,AMZN,AMZN,S,CBOE,33633
2017/05/02,AMZN,AMZN,S,CBOE,22282
2017/05/03,AMZN,AMZN,S,CBOE,20384
2017/05/04,AMZN,AMZN,S,CBOE,18134
2017/05/05,AMZN,AMZN,S,CBOE,30588
2017/05/08,AMZN,AMZN,S,CBOE,28310
2017/05/09,AMZN,AMZN,S,CBOE,28136
2017/05/10,AMZN,AMZN,S,CBOE,16798
2017/05/11,AMZN,AMZN,S,CBOE,20366
2017/05/12,AMZN,AMZN,S,CBOE,47950
2017/05/15,AMZN,AMZN,S,CBOE,26474
2017/05/16,AMZN,AMZN,S,CBOE,32534
2017/05/17,AMZN,AMZN,S,CBOE,30802
2017/05/18,AMZN,AMZN,S,CBOE,33840
2017/05/19,AMZN,AMZN,S,CBOE,40315
2017/05/22,AMZN,AMZN,S,CBOE,23141
2017/05/23,AMZN,AMZN,S,CBOE,20232
2017/05/24,AMZN,AMZN,S,CBOE,22239
2017/05/25,AMZN,AMZN,S,CBOE,58340
2017/05/26,AMZN,AMZN,S,CBOE,49069
2017/05/30,AMZN,AMZN,S,CBOE,32462
2017/05/31,AMZN,AMZN,S,CBOE,25515
2017/06/01,AMZN,AMZN,S,CBOE,21966
2017/06/02,AMZN,AMZN,S,CBOE,50716
2017/06/05,AMZN,AMZN,S,CBOE,30419
2017/06/06,AMZN,AMZN,S,CBOE,26268
2017/06/07,AMZN,AMZN,S,CBOE,16830
2017/06/08,AMZN,AMZN,S,CBOE,18787
2017/06/09,AMZN,AMZN,S,CBOE,65156
2017/06/12,AMZN,AMZN,S,CBOE,41700
2017/06/13,AMZN,AMZN,S,CBOE,34945
2017/06/14,AMZN,AMZN,S,CBOE,23649
2017/06/15,AMZN,AMZN,S,CBOE,40725
2017/06/16,AMZN,AMZN,S,CBOE,68611
2017/06/19,AMZN,AMZN,S,CBOE,29017
2017/06/20,AMZN,AMZN,S,CBOE,24707
2017/06/21,AMZN,AMZN,S,CBOE,17793
2017/06/22,AMZN,AMZN,S,CBOE,20603
2017/06/23,AMZN,AMZN,S,CBOE,27265
2017/06/26,AMZN,AMZN,S,CBOE,22445
2017/06/27,AMZN,AMZN,S,CBOE,25870
2017/06/28,AMZN,AMZN,S,CBOE,24222
2017/06/29,AMZN,AMZN,S,CBOE,27735
2017/06/30,AMZN,AMZN,S,CBOE,32069
2017/07/03,AMZN,AMZN,S,CBOE,14672
2017/07/05,AMZN,AMZN,S,CBOE,20376
2017/07/06,AMZN,AMZN,S,CBOE,19223
2017/07/07,AMZN,AMZN,S,CBOE,26280
2017/07/10,AMZN,AMZN,S,CBOE,28213
2017/07/11,AMZN,AMZN,S,CBOE,20417
2017/07/12,AMZN,AMZN,S,CBOE,26020
2017/07/13,AMZN,AMZN,S,CBOE,21655
2017/07/14,AMZN,AMZN,S,CBOE,26376
2017/07/17,AMZN,AMZN,S,CBOE,27243
2017/07/18,AMZN,AMZN,S,CBOE,35313
2017/07/19,AMZN,AMZN,S,CBOE,26184
2017/07/20,AMZN,AMZN,S,CBOE,25269
2017/07/21,AMZN,AMZN,S,CBOE,36265
2017/07/24,AMZN,AMZN,S,CBOE,22842
2017/07/25,AMZN,AMZN,S,CBOE,14830
2017/07/26,AMZN,AMZN,S,CBOE,24695
2017/07/27,AMZN,AMZN,S,CBOE,65462
2017/07/28,AMZN,AMZN,S,CBOE,71036
2017/07/31,AMZN,AMZN,S,CBOE,34137
2017/08/01,AMZN,AMZN,S,CBOE,24449
2017/08/02,AMZN,AMZN,S,CBOE,25903
2017/08/03,AMZN,AMZN,S,CBOE,18191
2017/08/04,AMZN,AMZN,S,CBOE,26635
2017/08/07,AMZN,AMZN,S,CBOE,16067
2017/08/08,AMZN,AMZN,S,CBOE,15338
2017/08/09,AMZN,AMZN,S,CBOE,18125
2017/08/10,AMZN,AMZN,S,CBOE,34940
2017/08/11,AMZN,AMZN,S,CBOE,31634
2017/08/14,AMZN,AMZN,S,CBOE,19193
2017/08/15,AMZN,AMZN,S,CBOE,16379
2017/08/16,AMZN,AMZN,S,CBOE,19093
2017/08/17,AMZN,AMZN,S,CBOE,26334
2017/08/18,AMZN,AMZN,S,CBOE,35794
2017/08/21,AMZN,AMZN,S,CBOE,26745
2017/08/22,AMZN,AMZN,S,CBOE,21118
2017/08/23,AMZN,AMZN,S,CBOE,17958
2017/08/24,AMZN,AMZN,S,CBOE,36245
2017/08/25,AMZN,AMZN,S,CBOE,37970
2017/08/28,AMZN,AMZN,S,CBOE,17250
2017/08/29,AMZN,AMZN,S,CBOE,25232
2017/08/30,AMZN,AMZN,S,CBOE,26496
2017/08/31,AMZN,AMZN,S,CBOE,28372
2017/09/01,AMZN,AMZN,S,CBOE,26738
2017/09/05,AMZN,AMZN,S,CBOE,21043
2017/09/06,AMZN,AMZN,S,CBOE,14047
2017/09/07,AMZN,AMZN,S,CBOE,20230
2017/09/08,AMZN,AMZN,S,CBOE,28826
2017/09/11,AMZN,AMZN,S,CBOE,19514
2017/09/12,AMZN,AMZN,S,CBOE,17141
2017/09/13,AMZN,AMZN,S,CBOE,33783
2017/09/14,AMZN,AMZN,S,CBOE,24874
2017/09/15,AMZN,AMZN,S,CBOE,33589
2017/09/18,AMZN,AMZN,S,CBOE,27912
2017/09/19,AMZN,AMZN,S,CBOE,19446
2017/09/20,AMZN,AMZN,S,CBOE,21548
2017/09/21,AMZN,AMZN,S,CBOE,16818
2017/09/22,AMZN,AMZN,S,CBOE,27840
2017/09/25,AMZN,AMZN,S,CBOE,35057
2017/09/26,AMZN,AMZN,S,CBOE,24691
2017/09/27,AMZN,AMZN,S,CBOE,23167
2017/09/28,AMZN,AMZN,S,CBOE,20250
2017/09/29,AMZN,AMZN,S,CBOE,27624
2017/10/02,AMZN,AMZN,S,CBOE,20446
2017/10/03,AMZN,AMZN,S,CBOE,23602
2017/10/04,AMZN,AMZN,S,CBOE,17861
2017/10/05,AMZN,AMZN,S,CBOE,28936
2017/10/06,AMZN,AMZN,S,CBOE,44986
2017/10/09,AMZN,AMZN,S,CBOE,19984
2017/10/10,AMZN,AMZN,S,CBOE,18632
2017/10/11,AMZN,AMZN,S,CBOE,16202
2017/10/12,AMZN,AMZN,S,CBOE,35538
2017/10/13,AMZN,AMZN,S,CBOE,27352
2017/10/16,AMZN,AMZN,S,CBOE,16514
2017/10/17,AMZN,AMZN,S,CBOE,18492
2017/10/18,AMZN,AMZN,S,CBOE,20145
2017/10/19,AMZN,AMZN,S,CBOE,27664
2017/10/20,AMZN,AMZN,S,CBOE,29038
2017/10/23,AMZN,AMZN,S,CBOE,24809
2017/10/24,AMZN,AMZN,S,CBOE,19087
2017/10/25,AMZN,AMZN,S,CBOE,14015
2017/10/26,AMZN,AMZN,S,CBOE,35608
2017/10/27,AMZN,AMZN,S,CBOE,107775
2017/10/30,AMZN,AMZN,S,CBOE,32182
2017/10/31,AMZN,AMZN,S,CBOE,17104
2017/11/01,AMZN,AMZN,S,CBOE,16448
2017/11/02,AMZN,AMZN,S,CBOE,17125
2017/11/03,AMZN,AMZN,S,CBOE,36255
2017/11/06,AMZN,AMZN,S,CBOE,21018
2017/11/07,AMZN,AMZN,S,CBOE,13517
2017/11/08,AMZN,AMZN,S,CBOE,20280
2017/11/09,AMZN,AMZN,S,CBOE,17540
2017/11/10,AMZN,AMZN,S,CBOE,18502
2017/11/13,AMZN,AMZN,S,CBOE,20452
2017/11/14,AMZN,AMZN,S,CBOE,15421
2017/11/15,AMZN,AMZN,S,CBOE,15155
2017/11/16,AMZN,AMZN,S,CBOE,15785
2017/11/17,AMZN,AMZN,S,CBOE,26394
2017/11/20,AMZN,AMZN,S,CBOE,18275
2017/11/21,AMZN,AMZN,S,CBOE,19034
2017/11/22,AMZN,AMZN,S,CBOE,36644
2017/11/24,AMZN,AMZN,S,CBOE,46568
2017/11/27,AMZN,AMZN,S,CBOE,43139
2017/11/28,AMZN,AMZN,S,CBOE,22262
2017/11/29,AMZN,AMZN,S,CBOE,43658
2017/11/30,AMZN,AMZN,S,CBOE,26225
2017/12/01,AMZN,AMZN,S,CBOE,33155
2017/12/04,AMZN,AMZN,S,CBOE,30123
2017/12/05,AMZN,AMZN,S,CBOE,20009
2017/12/06,AMZN,AMZN,S,CBOE,12958
2017/12/07,AMZN,AMZN,S,CBOE,14943
2017/12/08,AMZN,AMZN,S,CBOE,25480
2017/12/11,AMZN,AMZN,S,CBOE,13712
2017/12/12,AMZN,AMZN,S,CBOE,11184
2017/12/13,AMZN,AMZN,S,CBOE,9463
2017/12/14,AMZN,AMZN,S,CBOE,18221
2017/12/15,AMZN,AMZN,S,CBOE,26562
2017/12/18,AMZN,AMZN,S,CBOE,23259
2017/12/19,AMZN,AMZN,S,CBOE,11442
2017/12/20,AMZN,AMZN,S,CBOE,10933
2017/12/21,AMZN,AMZN,S,CBOE,18275
2017/12/22,AMZN,AMZN,S,CBOE,17494
2017/12/26,AMZN,AMZN,S,CBOE,15367
2017/12/27,AMZN,AMZN,S,CBOE,12327
2017/12/28,AMZN,AMZN,S,CBOE,12720
2017/12/29,AMZN,AMZN,S,CBOE,27268
2018/01/02,AMZN,AMZN,S,CBOE,17139
2018/01/03,AMZN,AMZN,S,CBOE,22218
2018/01/04,AMZN,AMZN,S,CBOE,21659
2018/01/05,AMZN,AMZN,S,CBOE,37807
2018/01/08,AMZN,AMZN,S,CBOE,35281
2018/01/09,AMZN,AMZN,S,CBOE,20995
2018/01/10,AMZN,AMZN,S,CBOE,15223
2018/01/11,AMZN,AMZN,S,CBOE,32166
2018/01/12,AMZN,AMZN,S,CBOE,53742
2018/01/16,AMZN,AMZN,S,CBOE,43501
2018/01/17,AMZN,AMZN,S,CBOE,22583
2018/01/18,AMZN,AMZN,S,CBOE,22323
2018/01/19,AMZN,AMZN,S,CBOE,42809
2018/01/22,AMZN,AMZN,S,CBOE,26126
2018/01/23,AMZN,AMZN,S,CBOE,38819
2018/01/24,AMZN,AMZN,S,CBOE,40296
2018/01/25,AMZN,AMZN,S,CBOE,27401
2018/01/26,AMZN,AMZN,S,CBOE,49422
2018/01/29,AMZN,AMZN,S,CBOE,34899
2018/01/30,AMZN,AMZN,S,CBOE,21739
2018/01/31,AMZN,AMZN,S,CBOE,31003
2018/02/01,AMZN,AMZN,S,CBOE,36668
2018/02/02,AMZN,AMZN,S,CBOE,64460
2018/02/05,AMZN,AMZN,S,CBOE,41917
2018/02/06,AMZN,AMZN,S,CBOE,30860
2018/02/07,AMZN,AMZN,S,CBOE,22449
2018/02/08,AMZN,AMZN,S,CBOE,31375
2018/02/09,AMZN,AMZN,S,CBOE,52677
2018/02/12,AMZN,AMZN,S,CBOE,26685
2018/02/13,AMZN,AMZN,S,CBOE,20960
2018/02/14,AMZN,AMZN,S,CBOE,27149
2018/02/15,AMZN,AMZN,S,CBOE,27267
2018/02/16,AMZN,AMZN,S,CBOE,26270
2018/02/20,AMZN,AMZN,S,CBOE,34371
2018/02/21,AMZN,AMZN,S,CBOE,33219
2018/02/22,AMZN,AMZN,S,CBOE,29215
2018/02/23,AMZN,AMZN,S,CBOE,35083
2018/02/26,AMZN,AMZN,S,CBOE,30040
2018/02/27,AMZN,AMZN,S,CBOE,22117
2018/02/28,AMZN,AMZN,S,CBOE,22791
2018/03/01,AMZN,AMZN,S,CBOE,39168
2018/03/02,AMZN,AMZN,S,CBOE,43294
2018/03/05,AMZN,AMZN,S,CBOE,24171
2018/03/06,AMZN,AMZN,S,CBOE,24697
2018/03/07,AMZN,AMZN,S,CBOE,18893
2018/03/08,AMZN,AMZN,S,CBOE,21949
2018/03/09,AMZN,AMZN,S,CBOE,41059
2018/03/12,AMZN,AMZN,S,CBOE,35886
2018/03/13,AMZN,AMZN,S,CBOE,33787
2018/03/14,AMZN,AMZN,S,CBOE,20264
2018/03/15,AMZN,AMZN,S,CBOE,23601
2018/03/16,AMZN,AMZN,S,CBOE,37718
2018/03/19,AMZN,AMZN,S,CBOE,31016
2018/03/20,AMZN,AMZN,S,CBOE,20460
2018/03/21,AMZN,AMZN,S,CBOE,20248
2018/03/22,AMZN,AMZN,S,CBOE,25684
2018/03/23,AMZN,AMZN,S,CBOE,38848
2018/03/26,AMZN,AMZN,S,CBOE,25295
2018/03/27,AMZN,AMZN,S,CBOE,32468
2018/03/28,AMZN,AMZN,S,CBOE,39266
2018/03/29,AMZN,AMZN,S,CBOE,43903
2018/04/02,AMZN,AMZN,S,CBOE,29706
2018/04/03,AMZN,AMZN,S,CBOE,26544
2018/04/04,AMZN,AMZN,S,CBOE,20752
2018/04/05,AMZN,AMZN,S,CBOE,37700
2018/04/06,AMZN,AMZN,S,CBOE,44341
2018/04/09,AMZN,AMZN,S,CBOE,16484
2018/04/10,AMZN,AMZN,S,CBOE,20431
2018/04/11,AMZN,AMZN,S,CBOE,16981
2018/04/12,AMZN,AMZN,S,CBOE,20271
2018/04/13,AMZN,AMZN,S,CBOE,36582
2018/04/16,AMZN,AMZN,S,CBOE,18978
2018/04/17,AMZN,AMZN,S,CBOE,51548
2018/04/18,AMZN,AMZN,S,CBOE,45490
2018/04/19,AMZN,AMZN,S,CBOE,62242
2018/04/20,AMZN,AMZN,S,CBOE,52950
2018/04/23,AMZN,AMZN,S,CBOE,19738
2018/04/24,AMZN,AMZN,S,CBOE,34614
2018/04/25,AMZN,AMZN,S,CBOE,26240
2018/04/26,AMZN,AMZN,S,CBOE,51304
2018/04/27,AMZN,AMZN,S,CBOE,95303
2018/04/30,AMZN,AMZN,S,CBOE,25452
2018/05/01,AMZN,AMZN,S,CBOE,20085
2018/05/02,AMZN,AMZN,S,CBOE,23350
2018/05/03,AMZN,AMZN,S,CBOE,23376
2018/05/04,AMZN,AMZN,S,CBOE,32998
2018/05/07,AMZN,AMZN,S,CBOE,27169
2018/05/08,AMZN,AMZN,S,CBOE,18407
2018/05/09,AMZN,AMZN,S,CBOE,17652
2018/05/10,AMZN,AMZN,S,CBOE,23168
2018/05/11,AMZN,AMZN,S,CBOE,28484
2018/05/14,AMZN,AMZN,S,CBOE,21461
2018/05/15,AMZN,AMZN,S,CBOE,25178
2018/05/16,AMZN,AMZN,S,CBOE,20113
2018/05/17,AMZN,AMZN,S,CBOE,23496
2018/05/18,AMZN,AMZN,S,CBOE,37345
2018/05/21,AMZN,AMZN,S,CBOE,24401
2018/05/22,AMZN,AMZN,S,CBOE,18945
2018/05/23,AMZN,AMZN,S,CBOE,27983
2018/05/24,AMZN,AMZN,S,CBOE,30223
2018/05/25,AMZN,AMZN,S,CBOE,35772
2018/05/29,AMZN,AMZN,S,CBOE,26683
2018/05/30,AMZN,AMZN,S,CBOE,30274
2018/05/31,AMZN,AMZN,S,CBOE,28879
2018/06/01,AMZN,AMZN,S,CBOE,44687
2018/06/04,AMZN,AMZN,S,CBOE,38047
2018/06/05,AMZN,AMZN,S,CBOE,55106
2018/06/06,AMZN,AMZN,S,CBOE,45567
2018/06/07,AMZN,AMZN,S,CBOE,31406
2018/06/08,AMZN,AMZN,S,CBOE,32727
2018/06/11,AMZN,AMZN,S,CBOE,18423
2018/06/12,AMZN,AMZN,S,CBOE,21277
2018/06/13,AMZN,AMZN,S,CBOE,31993
2018/06/14,AMZN,AMZN,S,CBOE,36924
2018/06/15,AMZN,AMZN,S,CBOE,36229
2018/06/18,AMZN,AMZN,S,CBOE,26435
2018/06/19,AMZN,AMZN,S,CBOE,27355
2018/06/20,AMZN,AMZN,S,CBOE,46843
2018/06/21,AMZN,AMZN,S,CBOE,43072
2018/06/22,AMZN,AMZN,S,CBOE,41039
2018/06/25,AMZN,AMZN,S,CBOE,50552
2018/06/26,AMZN,AMZN,S,CBOE,30000
2018/06/27,AMZN,AMZN,S,CBOE,33770
2018/06/28,AMZN,AMZN,S,CBOE,34283
2018/06/29,AMZN,AMZN,S,CBOE,51155
2018/07/02,AMZN,AMZN,S,CBOE,17539
2018/07/03,AMZN,AMZN,S,CBOE,13515
2018/07/05,AMZN,AMZN,S,CBOE,24473
2018/07/06,AMZN,AMZN,S,CBOE,36349
2018/07/09,AMZN,AMZN,S,CBOE,34666
2018/07/10,AMZN,AMZN,S,CBOE,28944
2018/07/11,AMZN,AMZN,S,CBOE,25646
2018/07/12,AMZN,AMZN,S,CBOE,68374
2018/07/13,AMZN,AMZN,S,CBOE,57426
2018/07/16,AMZN,AMZN,S,CBOE,50484
2018/07/17,AMZN,AMZN,S,CBOE,47150
2018/07/18,AMZN,AMZN,S,CBOE,35814
2018/07/19,AMZN,AMZN,S,CBOE,54462
2018/07/20,AMZN,AMZN,S,CBOE,62374
2018/07/23,AMZN,AMZN,S,CBOE,21896
2018/07/24,AMZN,AMZN,S,CBOE,20844
2018/07/25,AMZN,AMZN,S,CBOE,26970
2018/07/26,AMZN,AMZN,S,CBOE,59544
2018/07/27,AMZN,AMZN,S,CBOE,93312
2018/07/30,AMZN,AMZN,S,CBOE,44726
2018/07/31,AMZN,AMZN,S,CBOE,38929
2018/08/01,AMZN,AMZN,S,CBOE,28379
2018/08/02,AMZN,AMZN,S,CBOE,49412
2018/08/03,AMZN,AMZN,S,CBOE,46561
2018/08/06,AMZN,AMZN,S,CBOE,30660
2018/08/07,AMZN,AMZN,S,CBOE,41260
2018/08/08,AMZN,AMZN,S,CBOE,41234
2018/08/09,AMZN,AMZN,S,CBOE,55108
2018/08/10,AMZN,AMZN,S,CBOE,45546
2018/08/13,AMZN,AMZN,S,CBOE,41610
2018/08/14,AMZN,AMZN,S,CBOE,32395
2018/08/15,AMZN,AMZN,S,CBOE,53470
2018/08/16,AMZN,AMZN,S,CBOE,39502
2018/08/17,AMZN,AMZN,S,CBOE,71270
2018/08/20,AMZN,AMZN,S,CBOE,24584
2018/08/21,AMZN,AMZN,S,CBOE,24792
2018/08/22,AMZN,AMZN,S,CBOE,25453
2018/08/23,AMZN,AMZN,S,CBOE,37736
2018/08/24,AMZN,AMZN,S,CBOE,41441
2018/08/27,AMZN,AMZN,S,CBOE,39106
2018/08/28,AMZN,AMZN,S,CBOE,31679
2018/08/29,AMZN,AMZN,S,CBOE,92605
2018/08/30,AMZN,AMZN,S,CBOE,85383
2018/08/31,AMZN,AMZN,S,CBOE,72103
2018/09/04,AMZN,AMZN,S,CBOE,60741
2018/09/05,AMZN,AMZN,S,CBOE,67918
2018/09/06,AMZN,AMZN,S,CBOE,76533
2018/09/07,AMZN,AMZN,S,CBOE,79628
2018/09/10,AMZN,AMZN,S,CBOE,36270
2018/09/11,AMZN,AMZN,S,CBOE,53351
2018/09/12,AMZN,AMZN,S,CBOE,41811
2018/09/13,AMZN,AMZN,S,CBOE,46592
2018/09/14,AMZN,AMZN,S,CBOE,70959
2018/09/17,AMZN,AMZN,S,CBOE,66998
2018/09/18,AMZN,AMZN,S,CBOE,40389
2018/09/19,AMZN,AMZN,S,CBOE,39147
2018/09/20,AMZN,AMZN,S,CBOE,39650
2018/09/21,AMZN,AMZN,S,CBOE,68066
2018/09/24,AMZN,AMZN,S,CBOE,36659
2018/09/25,AMZN,AMZN,S,CBOE,40862
2018/09/26,AMZN,AMZN,S,CBOE,44618
2018/09/27,AMZN,AMZN,S,CBOE,51636
2018/09/28,AMZN,AMZN,S,CBOE,65734
2018/10/01,AMZN,AMZN,S,CBOE,39388
2018/10/02,AMZN,AMZN,S,CBOE,43608
2018/10/03,AMZN,AMZN,S,CBOE,54140
2018/10/04,AMZN,AMZN,S,CBOE,81861
2018/10/05,AMZN,AMZN,S,CBOE,107310
2018/10/08,AMZN,AMZN,S,CBOE,50097
2018/10/09,AMZN,AMZN,S,CBOE,32765
2018/10/10,AMZN,AMZN,S,CBOE,79656
2018/10/11,AMZN,AMZN,S,CBOE,82267
2018/10/12,AMZN,AMZN,S,CBOE,79007
2018/10/15,AMZN,AMZN,S,CBOE,32645
2018/10/16,AMZN,AMZN,S,CBOE,39908
2018/10/17,AMZN,AMZN,S,CBOE,35854
2018/10/18,AMZN,AMZN,S,CBOE,51416
2018/10/19,AMZN,AMZN,S,CBOE,63342
2018/10/22,AMZN,AMZN,S,CBOE,22452
2018/10/23,AMZN,AMZN,S,CBOE,31699
2018/10/24,AMZN,AMZN,S,CBOE,31769
2018/10/25,AMZN,AMZN,S,CBOE,54332
2018/10/26,AMZN,AMZN,S,CBOE,101642
2018/10/29,AMZN,AMZN,S,CBOE,67464
2018/10/30,AMZN,AMZN,S,CBOE,44057
2018/10/31,AMZN,AMZN,S,CBOE,53712
2018/11/01,AMZN,AMZN,S,CBOE,50714
2018/11/02,AMZN,AMZN,S,CBOE,52827
2018/11/05,AMZN,AMZN,S,CBOE,28784
2018/11/06,AMZN,AMZN,S,CBOE,25335
2018/11/07,AMZN,AMZN,S,CBOE,66292
2018/11/08,AMZN,AMZN,S,CBOE,57881
2018/11/09,AMZN,AMZN,S,CBOE,56883
2018/11/12,AMZN,AMZN,S,CBOE,41571
2018/11/13,AMZN,AMZN,S,CBOE,32914
2018/11/14,AMZN,AMZN,S,CBOE,41449
2018/11/15,AMZN,AMZN,S,CBOE,59037
2018/11/16,AMZN,AMZN,S,CBOE,57883
2018/11/19,AMZN,AMZN,S,CBOE,45653
2018/11/20,AMZN,AMZN,S,CBOE,55153
2018/11/21,AMZN,AMZN,S,CBOE,32719
2018/11/23,AMZN,AMZN,S,CBOE,29786
2018/11/26,AMZN,AMZN,S,CBOE,42511
2018/11/27,AMZN,AMZN,S,CBOE,30980
2018/11/28,AMZN,AMZN,S,CBOE,67290
2018/11/29,AMZN,AMZN,S,CBOE,41690
2018/11/30,AMZN,AMZN,S,CBOE,58503
2018/12/03,AMZN,AMZN,S,CBOE,50555
2018/12/04,AMZN,AMZN,S,CBOE,54373
2018/12/06,AMZN,AMZN,S,CBOE,55563
2018/12/07,AMZN,AMZN,S,CBOE,57159
2018/12/10,AMZN,AMZN,S,CBOE,37967
2018/12/11,AMZN,AMZN,S,CBOE,29921
2018/12/12,AMZN,AMZN,S,CBOE,38068
2018/12/13,AMZN,AMZN,S,CBOE,29907
2018/12/14,AMZN,AMZN,S,CBOE,54901
2018/12/17,AMZN,AMZN,S,CBOE,44657
2018/12/18,AMZN,AMZN,S,CBOE,35087
2018/12/19,AMZN,AMZN,S,CBOE,46693
2018/12/20,AMZN,AMZN,S,CBOE,57394
2018/12/21,AMZN,AMZN,S,CBOE,68340
2018/12/24,AMZN,AMZN,S,CBOE,27373
2018/12/26,AMZN,AMZN,S,CBOE,48234
2018/12/27,AMZN,AMZN,S,CBOE,45591
2018/12/28,AMZN,AMZN,S,CBOE,67625
2018/12/31,AMZN,AMZN,S,CBOE,32205
2019/01/02,AMZN,AMZN,S,CBOE,41098
2019/01/03,AMZN,AMZN,S,CBOE,33885
2019/01/04,AMZN,AMZN,S,CBOE,68599
2019/01/07,AMZN,AMZN,S,CBOE,42872
2019/01/08,AMZN,AMZN,S,CBOE,50933
2019/01/09,AMZN,AMZN,S,CBOE,31208
2019/01/10,AMZN,AMZN,S,CBOE,40434
2019/01/11,AMZN,AMZN,S,CBOE,40816
2019/01/14,AMZN,AMZN,S,CBOE,29117
2019/01/15,AMZN,AMZN,S,CBOE,41077
2019/01/16,AMZN,AMZN,S,CBOE,42045
2019/01/17,AMZN,AMZN,S,CBOE,31860
2019/01/18,AMZN,AMZN,S,CBOE,57404
2019/01/22,AMZN,AMZN,S,CBOE,38744
2019/01/23,AMZN,AMZN,S,CBOE,33277
2019/01/24,AMZN,AMZN,S,CBOE,26013
2019/01/25,AMZN,AMZN,S,CBOE,49348
2019/01/28,AMZN,AMZN,S,CBOE,21105
2019/01/29,AMZN,AMZN,S,CBOE,22995
2019/01/30,AMZN,AMZN,S,CBOE,28011
2019/01/31,AMZN,AMZN,S,CBOE,76526
2019/02/01,AMZN,AMZN,S,CBOE,96720
2019/02/04,AMZN,AMZN,S,CBOE,35575
2019/02/05,AMZN,AMZN,S,CBOE,31282
2019/02/06,AMZN,AMZN,S,CBOE,32093
2019/02/07,AMZN,AMZN,S,CBOE,43226
2019/02/08,AMZN,AMZN,S,CBOE,73627
2019/02/11,AMZN,AMZN,S,CBOE,21612
2019/02/12,AMZN,AMZN,S,CBOE,36529
2019/02/13,AMZN,AMZN,S,CBOE,32864
2019/02/14,AMZN,AMZN,S,CBOE,30805
2019/02/15,AMZN,AMZN,S,CBOE,42872
2019/02/19,AMZN,AMZN,S,CBOE,21487
2019/02/20,AMZN,AMZN,S,CBOE,21388
2019/02/21,AMZN,AMZN,S,CBOE,26252
2019/02/22,AMZN,AMZN,S,CBOE,32678
2019/02/25,AMZN,AMZN,S,CBOE,21873
2019/02/26,AMZN,AMZN,S,CBOE,20448
2019/02/27,AMZN,AMZN,S,CBOE,21807
2019/02/28,AMZN,AMZN,S,CBOE,22934
2019/03/01,AMZN,AMZN,S,CBOE,56150
2019/03/04,AMZN,AMZN,S,CBOE,52411
2019/03/05,AMZN,AMZN,S,CBOE,25495
2019/03/06,AMZN,AMZN,S,CBOE,28402
2019/03/07,AMZN,AMZN,S,CBOE,41227
2019/03/08,AMZN,AMZN,S,CBOE,52490
2019/03/11,AMZN,AMZN,S,CBOE,32100
2019/03/12,AMZN,AMZN,S,CBOE,29313
2019/03/13,AMZN,AMZN,S,CBOE,33959
2019/03/14,AMZN,AMZN,S,CBOE,26785
2019/03/15,AMZN,AMZN,S,CBOE,62395
2019/03/18,AMZN,AMZN,S,CBOE,46740
2019/03/19,AMZN,AMZN,S,CBOE,55321
2019/03/20,AMZN,AMZN,S,CBOE,45244
2019/03/21,AMZN,AMZN,S,CBOE,51106
2019/03/22,AMZN,AMZN,S,CBOE,62606
2019/03/25,AMZN,AMZN,S,CBOE,27761
2019/03/26,AMZN,AMZN,S,CBOE,27086
2019/03/27,AMZN,AMZN,S,CBOE,29384
2019/03/28,AMZN,AMZN,S,CBOE,26199
2019/03/29,AMZN,AMZN,S,CBOE,47556
2019/04/01,AMZN,AMZN,S,CBOE,30387
2019/04/02,AMZN,AMZN,S,CBOE,20844
2019/04/03,AMZN,AMZN,S,CBOE,30890
2019/04/04,AMZN,AMZN,S,CBOE,20922
2019/04/05,AMZN,AMZN,S,CBOE,44793
2019/04/08,AMZN,AMZN,S,CBOE,37429
2019/04/09,AMZN,AMZN,S,CBOE,23810
2019/04/10,AMZN,AMZN,S,CBOE,27305
2019/04/11,AMZN,AMZN,S,CBOE,29674
2019/04/12,AMZN,AMZN,S,CBOE,36372
2019/04/15,AMZN,AMZN,S,CBOE,30818
2019/04/16,AMZN,AMZN,S,CBOE,36709
2019/04/17,AMZN,AMZN,S,CBOE,29352
2019/04/18,AMZN,AMZN,S,CBOE,32127
2019/04/22,AMZN,AMZN,S,CBOE,29881
2019/04/23,AMZN,AMZN,S,CBOE,45051
2019/04/24,AMZN,AMZN,S,CBOE,22139
2019/04/25,AMZN,AMZN,S,CBOE,48655
2019/04/26,AMZN,AMZN,S,CBOE,101280
2019/04/29,AMZN,AMZN,S,CBOE,36979
2019/04/30,AMZN,AMZN,S,CBOE,34379
2019/05/01,AMZN,AMZN,S,CBOE,35108
2019/05/02,AMZN,AMZN,S,CBOE,50165
2019/05/03,AMZN,AMZN,S,CBOE,77420
2019/05/06,AMZN,AMZN,S,CBOE,39646
2019/05/07,AMZN,AMZN,S,CBOE,41139
2019/05/08,AMZN,AMZN,S,CBOE,33371
2019/05/09,AMZN,AMZN,S,CBOE,42922
2019/05/10,AMZN,AMZN,S,CBOE,75272
2019/05/13,AMZN,AMZN,S,CBOE,44397
2019/05/14,AMZN,AMZN,S,CBOE,31303
2019/05/15,AMZN,AMZN,S,CBOE,41076
2019/05/16,AMZN,AMZN,S,CBOE,59385
2019/05/17,AMZN,AMZN,S,CBOE,63363
2019/05/20,AMZN,AMZN,S,CBOE,35801
2019/05/21,AMZN,AMZN,S,CBOE,32545
2019/05/22,AMZN,AMZN,S,CBOE,26637
2019/05/23,AMZN,AMZN,S,CBOE,55286
2019/05/24,AMZN,AMZN,S,CBOE,45863
2019/05/28,AMZN,AMZN,S,CBOE,32183
2019/05/29,AMZN,AMZN,S,CBOE,34288
2019/05/30,AMZN,AMZN,S,CBOE,32285
2019/05/31,AMZN,AMZN,S,CBOE,64772
2019/06/03,AMZN,AMZN,S,CBOE,75253
2019/06/04,AMZN,AMZN,S,CBOE,37583
2019/06/05,AMZN,AMZN,S,CBOE,32004
2019/06/06,AMZN,AMZN,S,CBOE,34236
2019/06/07,AMZN,AMZN,S,CBOE,67895
2019/06/10,AMZN,AMZN,S,CBOE,57540
2019/06/11,AMZN,AMZN,S,CBOE,30879
2019/06/12,AMZN,AMZN,S,CBOE,32054
2019/06/13,AMZN,AMZN,S,CBOE,34301
2019/06/14,AMZN,AMZN,S,CBOE,38772
2019/06/17,AMZN,AMZN,S,CBOE,29254
2019/06/18,AMZN,AMZN,S,CBOE,38683
2019/06/19,AMZN,AMZN,S,CBOE,28517
2019/06/20,AMZN,AMZN,S,CBOE,40902
2019/06/21,AMZN,AMZN,S,CBOE,44636
2019/06/24,AMZN,AMZN,S,CBOE,18770
2019/06/25,AMZN,AMZN,S,CBOE,30675
2019/06/26,AMZN,AMZN,S,CBOE,22072
2019/06/27,AMZN,AMZN,S,CBOE,22483
2019/06/28,AMZN,AMZN,S,CBOE,39510
2019/07/01,AMZN,AMZN,S,CBOE,32233
2019/07/02,AMZN,AMZN,S,CBOE,31329
2019/07/03,AMZN,AMZN,S,CBOE,20745
2019/07/05,AMZN,AMZN,S,CBOE,41627
2019/07/08,AMZN,AMZN,S,CBOE,30822
2019/07/09,AMZN,AMZN,S,CBOE,61829
2019/07/10,AMZN,AMZN,S,CBOE,70157
2019/07/11,AMZN,AMZN,S,CBOE,57280
2019/07/12,AMZN,AMZN,S,CBOE,40013
2019/07/15,AMZN,AMZN,S,CBOE,22808
2019/07/16,AMZN,AMZN,S,CBOE,26051
2019/07/17,AMZN,AMZN,S,CBOE,28044
2019/07/18,AMZN,AMZN,S,CBOE,56522
2019/07/19,AMZN,AMZN,S,CBOE,48126
2019/07/22,AMZN,AMZN,S,CBOE,20062
2019/07/23,AMZN,AMZN,S,CBOE,13768
2019/07/24,AMZN,AMZN,S,CBOE,17114
2019/07/25,AMZN,AMZN,S,CBOE,41198
2019/07/26,AMZN,AMZN,S,CBOE,69949
2019/07/29,AMZN,AMZN,S,CBOE,37085
2019/07/30,AMZN,AMZN,S,CBOE,30873
2019/07/31,AMZN,AMZN,S,CBOE,35710
2019/08/01,AMZN,AMZN,S,CBOE,44330
2019/08/02,AMZN,AMZN,S,CBOE,75712
2019/08/05,AMZN,AMZN,S,CBOE,47008
2019/08/06,AMZN,AMZN,S,CBOE,37495
2019/08/07,AMZN,AMZN,S,CBOE,32191
2019/08/08,AMZN,AMZN,S,CBOE,44451
2019/08/09,AMZN,AMZN,S,CBOE,40708
2019/08/12,AMZN,AMZN,S,CBOE,21329
2019/08/13,AMZN,AMZN,S,CBOE,30988
2019/08/14,AMZN,AMZN,S,CBOE,40087
2019/08/15,AMZN,AMZN,S,CBOE,29984
2019/08/16,AMZN,AMZN,S,CBOE,43015
2019/08/19,AMZN,AMZN,S,CBOE,32511
2019/08/20,AMZN,AMZN,S,CBOE,23720
2019/08/21,AMZN,AMZN,S,CBOE,25005
2019/08/22,AMZN,AMZN,S,CBOE,34235
2019/08/23,AMZN,AMZN,S,CBOE,63408
2019/08/26,AMZN,AMZN,S,CBOE,25992
2019/08/27,AMZN,AMZN,S,CBOE,24762
2019/08/28,AMZN,AMZN,S,CBOE,22694
2019/08/29,AMZN,AMZN,S,CBOE,33295
2019/08/30,AMZN,AMZN,S,CBOE,40868
2019/09/03,AMZN,AMZN,S,CBOE,35523
2019/09/04,AMZN,AMZN,S,CBOE,27003
2019/09/05,AMZN,AMZN,S,CBOE,40365
2019/09/06,AMZN,AMZN,S,CBOE,40011
2019/09/09,AMZN,AMZN,S,CBOE,30002
2019/09/10,AMZN,AMZN,S,CBOE,30917
2019/09/11,AMZN,AMZN,S,CBOE,29593
2019/09/12,AMZN,AMZN,S,CBOE,36712
2019/09/13,AMZN,AMZN,S,CBOE,28385
2019/09/16,AMZN,AMZN,S,CBOE,29275
2019/09/17,AMZN,AMZN,S,CBOE,20809
2019/09/18,AMZN,AMZN,S,CBOE,26675
2019/09/19,AMZN,AMZN,S,CBOE,33561
2019/09/20,AMZN,AMZN,S,CBOE,68585
2019/09/23,AMZN,AMZN,S,CBOE,33883
2019/09/24,AMZN,AMZN,S,CBOE,50992
2019/09/25,AMZN,AMZN,S,CBOE,35958
2019/09/26,AMZN,AMZN,S,CBOE,37503
2019/09/27,AMZN,AMZN,S,CBOE,64672
2019/09/30,AMZN,AMZN,S,CBOE,25239
2019/10/01,AMZN,AMZN,S,CBOE,32369
2019/10/02,AMZN,AMZN,S,CBOE,38323
2019/10/03,AMZN,AMZN,S,CBOE,42415
2019/10/04,AMZN,AMZN,S,CBOE,41523
2019/10/07,AMZN,AMZN,S,CBOE,16349
2019/10/08,AMZN,AMZN,S,CBOE,27425
2019/10/09,AMZN,AMZN,S,CBOE,18715
2019/10/10,AMZN,AMZN,S,CBOE,24878
2019/10/11,AMZN,AMZN,S,CBOE,39819
2019/10/14,AMZN,AMZN,S,CBOE,26354
2019/10/15,AMZN,AMZN,S,CBOE,37142
2019/10/16,AMZN,AMZN,S,CBOE,33622
2019/10/17,AMZN,AMZN,S,CBOE,34583
2019/10/18,AMZN,AMZN,S,CBOE,59689
2019/10/21,AMZN,AMZN,S,CBOE,28220
2019/10/22,AMZN,AMZN,S,CBOE,17623
2019/10/23,AMZN,AMZN,S,CBOE,18790
2019/10/24,AMZN,AMZN,S,CBOE,63229
2019/10/25,AMZN,AMZN,S,CBOE,117567
2019/10/28,AMZN,AMZN,S,CBOE,18711
2019/10/29,AMZN,AMZN,S,CBOE,25787
2019/10/30,AMZN,AMZN,S,CBOE,26145
2019/10/31,AMZN,AMZN,S,CBOE,27836
2019/11/01,AMZN,AMZN,S,CBOE,45061
2019/11/04,AMZN,AMZN,S,CBOE,32096
2019/11/05,AMZN,AMZN,S,CBOE,19889
2019/11/06,AMZN,AMZN,S,CBOE,22033
2019/11/07,AMZN,AMZN,S,CBOE,30564
2019/11/08,AMZN,AMZN,S,CBOE,40671
2019/11/11,AMZN,AMZN,S,CBOE,30362
2019/11/12,AMZN,AMZN,S,CBOE,30772
2019/11/13,AMZN,AMZN,S,CBOE,46981
2019/11/14,AMZN,AMZN,S,CBOE,35781
2019/11/15,AMZN,AMZN,S,CBOE,59684
2019/11/18,AMZN,AMZN,S,CBOE,39448
2019/11/19,AMZN,AMZN,S,CBOE,26658
2019/11/20,AMZN,AMZN,S,CBOE,30150
2019/11/21,AMZN,AMZN,S,CBOE,29688
2019/11/22,AMZN,AMZN,S,CBOE,43228
2019/11/25,AMZN,AMZN,S,CBOE,46411
2019/11/26,AMZN,AMZN,S,CBOE,40725
2019/11/27,AMZN,AMZN,S,CBOE,65115
2019/11/29,AMZN,AMZN,S,CBOE,44238
2019/12/02,AMZN,AMZN,S,CBOE,39970
2019/12/03,AMZN,AMZN,S,CBOE,42125
2019/12/04,AMZN,AMZN,S,CBOE,35744
2019/12/05,AMZN,AMZN,S,CBOE,41009
2019/12/06,AMZN,AMZN,S,CBOE,55550
2019/12/09,AMZN,AMZN,S,CBOE,29438
2019/12/10,AMZN,AMZN,S,CBOE,34897
2019/12/11,AMZN,AMZN,S,CBOE,30986
2019/12/12,AMZN,AMZN,S,CBOE,40957
2019/12/13,AMZN,AMZN,S,CBOE,50174
2019/12/16,AMZN,AMZN,S,CBOE,38339
2019/12/17,AMZN,AMZN,S,CBOE,51306
2019/12/18,AMZN,AMZN,S,CBOE,35393
2019/12/19,AMZN,AMZN,S,CBOE,36947
2019/12/20,AMZN,AMZN,S,CBOE,47512
2019/12/23,AMZN,AMZN,S,CBOE,31108
2019/12/24,AMZN,AMZN,S,CBOE,16772
2019/12/26,AMZN,AMZN,S,CBOE,110840
2019/12/27,AMZN,AMZN,S,CBOE,128908
2019/12/30,AMZN,AMZN,S,CBOE,51955
2019/12/31,AMZN,AMZN,S,CBOE,33497
2020/01/02,AMZN,AMZN,S,CBOE,88363
2020/01/03,AMZN,AMZN,S,CBOE,70951
2020/01/06,AMZN,AMZN,S,CBOE,55068
2020/01/07,AMZN,AMZN,S,CBOE,44136
2020/01/08,AMZN,AMZN,S,CBOE,48071
2020/01/09,AMZN,AMZN,S,CBOE,52965
2020/01/10,AMZN,AMZN,S,CBOE,65969
2020/01/13,AMZN,AMZN,S,CBOE,35845
2020/01/14,AMZN,AMZN,S,CBOE,38732
2020/01/15,AMZN,AMZN,S,CBOE,38815
2020/01/16,AMZN,AMZN,S,CBOE,43412
2020/01/17,AMZN,AMZN,S,CBOE,54527
2020/01/21,AMZN,AMZN,S,CBOE,38810
2020/01/22,AMZN,AMZN,S,CBOE,37745
2020/01/23,AMZN,AMZN,S,CBOE,32056
2020/01/24,AMZN,AMZN,S,CBOE,72230
2020/01/27,AMZN,AMZN,S,CBOE,27144
2020/01/28,AMZN,AMZN,S,CBOE,16625
2020/01/29,AMZN,AMZN,S,CBOE,18586
2020/01/30,AMZN,AMZN,S,CBOE,47032
2020/01/31,AMZN,AMZN,S,CBOE,142355
2020/02/03,AMZN,AMZN,S,CBOE,41545
2020/02/04,AMZN,AMZN,S,CBOE,41542
2020/02/05,AMZN,AMZN,S,CBOE,44609
2020/02/06,AMZN,AMZN,S,CBOE,30253
2020/02/07,AMZN,AMZN,S,CBOE,89635
2020/02/10,AMZN,AMZN,S,CBOE,58566
2020/02/11,AMZN,AMZN,S,CBOE,57206
2020/02/12,AMZN,AMZN,S,CBOE,38294
2020/02/13,AMZN,AMZN,S,CBOE,35800
2020/02/14,AMZN,AMZN,S,CBOE,48912
2020/02/18,AMZN,AMZN,S,CBOE,39277
2020/02/19,AMZN,AMZN,S,CBOE,32231
2020/02/20,AMZN,AMZN,S,CBOE,39064
2020/02/21,AMZN,AMZN,S,CBOE,57179
2020/02/24,AMZN,AMZN,S,CBOE,45605
2020/02/25,AMZN,AMZN,S,CBOE,42459
2020/02/26,AMZN,AMZN,S,CBOE,33402
2020/02/27,AMZN,AMZN,S,CBOE,44276
2020/02/28,AMZN,AMZN,S,CBOE,35818
2020/03/02,AMZN,AMZN,S,CBOE,31958
2020/03/03,AMZN,AMZN,S,CBOE,36740
2020/03/04,AMZN,AMZN,S,CBOE,30172
2020/03/05,AMZN,AMZN,S,CBOE,30220
2020/03/06,AMZN,AMZN,S,CBOE,43936
2020/03/09,AMZN,AMZN,S,CBOE,27583
2020/03/10,AMZN,AMZN,S,CBOE,27622
2020/03/11,AMZN,AMZN,S,CBOE,27877
2020/03/12,AMZN,AMZN,S,CBOE,39181
2020/03/13,AMZN,AMZN,S,CBOE,34418
2020/03/16,AMZN,AMZN,S,CBOE,21688
2020/03/17,AMZN,AMZN,S,CBOE,29273
2020/03/18,AMZN,AMZN,S,CBOE,29335
2020/03/19,AMZN,AMZN,S,CBOE,40335
2020/03/20,AMZN,AMZN,S,CBOE,39487
2020/03/23,AMZN,AMZN,S,CBOE,24174
2020/03/24,AMZN,AMZN,S,CBOE,24114
2020/03/25,AMZN,AMZN,S,CBOE,24572
2020/03/26,AMZN,AMZN,S,CBOE,24703
2020/03/27,AMZN,AMZN,S,CBOE,29489
2020/03/30,AMZN,AMZN,S,CBOE,25381
2020/03/31,AMZN,AMZN,S,CBOE,19778
2020/04/01,AMZN,AMZN,S,CBOE,23102
2020/04/02,AMZN,AMZN,S,CBOE,22427
2020/04/03,AMZN,AMZN,S,CBOE,30747
2020/04/06,AMZN,AMZN,S,CBOE,31704
2020/04/07,AMZN,AMZN,S,CBOE,33912
2020/04/08,AMZN,AMZN,S,CBOE,28258
2020/04/09,AMZN,AMZN,S,CBOE,34921
2020/04/13,AMZN,AMZN,S,CBOE,46804
2020/04/14,AMZN,AMZN,S,CBOE,49404
2020/04/15,AMZN,AMZN,S,CBOE,38069
2020/04/16,AMZN,AMZN,S,CBOE,64919
2020/04/17,AMZN,AMZN,S,CBOE,53881
2020/04/20,AMZN,AMZN,S,CBOE,22632
2020/04/21,AMZN,AMZN,S,CBOE,32083
2020/04/22,AMZN,AMZN,S,CBOE,23669
2020/04/23,AMZN,AMZN,S,CBOE,33148
2020/04/24,AMZN,AMZN,S,CBOE,34706
2020/04/27,AMZN,AMZN,S,CBOE,24698
2020/04/28,AMZN,AMZN,S,CBOE,20923
2020/04/29,AMZN,AMZN,S,CBOE,21196
2020/04/30,AMZN,AMZN,S,CBOE,50003
2020/05/01,AMZN,AMZN,S,CBOE,70032
2020/05/04,AMZN,AMZN,S,CBOE,25761
2020/05/05,AMZN,AMZN,S,CBOE,19185
2020/05/06,AMZN,AMZN,S,CBOE,21754
2020/05/07,AMZN,AMZN,S,CBOE,24017
2020/05/08,AMZN,AMZN,S,CBOE,35822
2020/05/11,AMZN,AMZN,S,CBOE,25418
2020/05/12,AMZN,AMZN,S,CBOE,24929
2020/05/13,AMZN,AMZN,S,CBOE,30378
2020/05/14,AMZN,AMZN,S,CBOE,26692
2020/05/15,AMZN,AMZN,S,CBOE,49819
2020/05/18,AMZN,AMZN,S,CBOE,33026
2020/05/19,AMZN,AMZN,S,CBOE,48757
2020/05/20,AMZN,AMZN,S,CBOE,38224
2020/05/21,AMZN,AMZN,S,CBOE,47737
2020/05/22,AMZN,AMZN,S,CBOE,43759
2020/05/26,AMZN,AMZN,S,CBOE,33407
2020/05/27,AMZN,AMZN,S,CBOE,42823
2020/05/28,AMZN,AMZN,S,CBOE,31535
2020/05/29,AMZN,AMZN,S,CBOE,43425
2020/06/01,AMZN,AMZN,S,CBOE,30091
2020/06/02,AMZN,AMZN,S,CBOE,19331
2020/06/03,AMZN,AMZN,S,CBOE,27566
2020/06/04,AMZN,AMZN,S,CBOE,34916
2020/06/05,AMZN,AMZN,S,CBOE,44113
2020/06/08,AMZN,AMZN,S,CBOE,42109
2020/06/09,AMZN,AMZN,S,CBOE,62284
2020/06/10,AMZN,AMZN,S,CBOE,46553
2020/06/11,AMZN,AMZN,S,CBOE,50385
2020/06/12,AMZN,AMZN,S,CBOE,61809
2020/06/15,AMZN,AMZN,S,CBOE,26181
2020/06/16,AMZN,AMZN,S,CBOE,25583
2020/06/17,AMZN,AMZN,S,CBOE,24612
2020/06/18,AMZN,AMZN,S,CBOE,22991
2020/06/19,AMZN,AMZN,S,CBOE,62709
2020/06/22,AMZN,AMZN,S,CBOE,32839
2020/06/23,AMZN,AMZN,S,CBOE,41173
2020/06/24,AMZN,AMZN,S,CBOE,34502
2020/06/25,AMZN,AMZN,S,CBOE,30754
2020/06/26,AMZN,AMZN,S,CBOE,61063
2020/06/29,AMZN,AMZN,S,CBOE,34224
2020/06/30,AMZN,AMZN,S,CBOE,31933
2020/07/01,AMZN,AMZN,S,CBOE,49908
2020/07/02,AMZN,AMZN,S,CBOE,54504
2020/07/06,AMZN,AMZN,S,CBOE,44224
2020/07/07,AMZN,AMZN,S,CBOE,34133
2020/07/08,AMZN,AMZN,S,CBOE,29489
2020/07/09,AMZN,AMZN,S,CBOE,50936
2020/07/10,AMZN,AMZN,S,CBOE,43363
2020/07/13,AMZN,AMZN,S,CBOE,43069
2020/07/14,AMZN,AMZN,S,CBOE,34140
2020/07/15,AMZN,AMZN,S,CBOE,33694
2020/07/16,AMZN,AMZN,S,CBOE,48671
2020/07/17,AMZN,AMZN,S,CBOE,48044
2020/07/20,AMZN,AMZN,S,CBOE,40310
2020/07/21,AMZN,AMZN,S,CBOE,34500
2020/07/22,AMZN,AMZN,S,CBOE,24612
2020/07/23,AMZN,AMZN,S,CBOE,41284
2020/07/24,AMZN,AMZN,S,CBOE,54126
2020/07/27,AMZN,AMZN,S,CBOE,22600
2020/07/28,AMZN,AMZN,S,CBOE,16648
2020/07/29,AMZN,AMZN,S,CBOE,18028
2020/07/30,AMZN,AMZN,S,CBOE,44673
2020/07/31,AMZN,AMZN,S,CBOE,56534
2020/08/03,AMZN,AMZN,S,CBOE,25548
2020/08/04,AMZN,AMZN,S,CBOE,25266
2020/08/05,AMZN,AMZN,S,CBOE,37094
2020/08/06,AMZN,AMZN,S,CBOE,37155
2020/08/07,AMZN,AMZN,S,CBOE,44250
2020/08/10,AMZN,AMZN,S,CBOE,25347
2020/08/11,AMZN,AMZN,S,CBOE,25945
2020/08/12,AMZN,AMZN,S,CBOE,24926
2020/08/13,AMZN,AMZN,S,CBOE,34272
2020/08/14,AMZN,AMZN,S,CBOE,42355
2020/08/17,AMZN,AMZN,S,CBOE,21790
2020/08/18,AMZN,AMZN,S,CBOE,52615
2020/08/19,AMZN,AMZN,S,CBOE,33660
2020/08/20,AMZN,AMZN,S,CBOE,29993
2020/08/21,AMZN,AMZN,S,CBOE,40725
2020/08/24,AMZN,AMZN,S,CBOE,35770
2020/08/25,AMZN,AMZN,S,CBOE,31915
2020/08/26,AMZN,AMZN,S,CBOE,46095
2020/08/27,AMZN,AMZN,S,CBOE,26441
2020/08/28,AMZN,AMZN,S,CBOE,36486
2020/08/31,AMZN,AMZN,S,CBOE,32976
2020/09/01,AMZN,AMZN,S,CBOE,27547
2020/09/02,AMZN,AMZN,S,CBOE,27128
2020/09/03,AMZN,AMZN,S,CBOE,43036
2020/09/04,AMZN,AMZN,S,CBOE,58324
2020/09/08,AMZN,AMZN,S,CBOE,26550
2020/09/09,AMZN,AMZN,S,CBOE,29274
2020/09/10,AMZN,AMZN,S,CBOE,38092
2020/09/11,AMZN,AMZN,S,CBOE,49102
2020/09/14,AMZN,AMZN,S,CBOE,25195
2020/09/15,AMZN,AMZN,S,CBOE,29682
2020/09/16,AMZN,AMZN,S,CBOE,27798
2020/09/17,AMZN,AMZN,S,CBOE,40578
2020/09/18,AMZN,AMZN,S,CBOE,53096
2020/09/21,AMZN,AMZN,S,CBOE,32996
2020/09/22,AMZN,AMZN,S,CBOE,49679
2020/09/23,AMZN,AMZN,S,CBOE,35178
2020/09/24,AMZN,AMZN,S,CBOE,37196
2020/09/25,AMZN,AMZN,S,CBOE,46332
2020/09/28,AMZN,AMZN,S,CBOE,31855
2020/09/29,AMZN,AMZN,S,CBOE,23204
2020/09/30,AMZN,AMZN,S,CBOE,34329
2020/10/01,AMZN,AMZN,S,CBOE,38487
2020/10/02,AMZN,AMZN,S,CBOE,52730
2020/10/05,AMZN,AMZN,S,CBOE,28318
2020/10/06,AMZN,AMZN,S,CBOE,36666
2020/10/07,AMZN,AMZN,S,CBOE,31027
2020/10/08,AMZN,AMZN,S,CBOE,31205
2020/10/09,AMZN,AMZN,S,CBOE,69444
2020/10/12,AMZN,AMZN,S,CBOE,70174
2020/10/13,AMZN,AMZN,S,CBOE,35014
2020/10/14,AMZN,AMZN,S,CBOE,45411
2020/10/15,AMZN,AMZN,S,CBOE,41726
2020/10/16,AMZN,AMZN,S,CBOE,52676
2020/10/19,AMZN,AMZN,S,CBOE,43863
2020/10/20,AMZN,AMZN,S,CBOE,34980
2020/10/21,AMZN,AMZN,S,CBOE,41362
2020/10/22,AMZN,AMZN,S,CBOE,49342
2020/10/23,AMZN,AMZN,S,CBOE,46662
2020/10/26,AMZN,AMZN,S,CBOE,37447
2020/10/27,AMZN,AMZN,S,CBOE,27326
2020/10/28,AMZN,AMZN,S,CBOE,25859
2020/10/29,AMZN,AMZN,S,CBOE,51982
2020/10/30,AMZN,AMZN,S,CBOE,71965
2020/11/02,AMZN,AMZN,S,CBOE,32322
2020/11/03,AMZN,AMZN,S,CBOE,26160
2020/11/04,AMZN,AMZN,S,CBOE,40663
2020/11/05,AMZN,AMZN,S,CBOE,45042
2020/11/06,AMZN,AMZN,S,CBOE,50681
2020/11/09,AMZN,AMZN,S,CBOE,39801
2020/11/10,AMZN,AMZN,S,CBOE,40819
2020/11/11,AMZN,AMZN,S,CBOE,36200
2020/11/12,AMZN,AMZN,S,CBOE,33947
2020/11/13,AMZN,AMZN,S,CBOE,50525
2020/11/16,AMZN,AMZN,S,CBOE,27783
2020/11/17,AMZN,AMZN,S,CBOE,26111
2020/11/18,AMZN,AMZN,S,CBOE,25906
2020/11/19,AMZN,AMZN,S,CBOE,28839
2020/11/20,AMZN,AMZN,S,CBOE,42929
2020/11/23,AMZN,AMZN,S,CBOE,39591
2020/11/24,AMZN,AMZN,S,CBOE,34798
2020/11/25,AMZN,AMZN,S,CBOE,54947
2020/11/27,AMZN,AMZN,S,CBOE,40677
2020/11/30,AMZN,AMZN,S,CBOE,29728
2020/12/01,AMZN,AMZN,S,CBOE,49003
2020/12/02,AMZN,AMZN,S,CBOE,34132
2020/12/03,AMZN,AMZN,S,CBOE,41201
2020/12/04,AMZN,AMZN,S,CBOE,49596
2020/12/07,AMZN,AMZN,S,CBOE,29678
2020/12/08,AMZN,AMZN,S,CBOE,42376
2020/12/09,AMZN,AMZN,S,CBOE,39246
2020/12/10,AMZN,AMZN,S,CBOE,33964
2020/12/11,AMZN,AMZN,S,CBOE,49579
2020/12/14,AMZN,AMZN,S,CBOE,34814
2020/12/15,AMZN,AMZN,S,CBOE,31683
2020/12/16,AMZN,AMZN,S,CBOE,48401
2020/12/17,AMZN,AMZN,S,CBOE,36471
2020/12/18,AMZN,AMZN,S,CBOE,64280
2020/12/21,AMZN,AMZN,S,CBOE,40582
2020/12/22,AMZN,AMZN,S,CBOE,36083
2020/12/23,AMZN,AMZN,S,CBOE,39745
2020/12/24,AMZN,AMZN,S,CBOE,31206
2020/12/28,AMZN,AMZN,S,CBOE,71438
2020/12/29,AMZN,AMZN,S,CBOE,66328
2020/12/30,AMZN,AMZN,S,CBOE,50370
2020/12/31,AMZN,AMZN,S,CBOE,55899
2021/01/04,AMZN,AMZN,S,CBOE,52626
2021/01/05,AMZN,AMZN,S,CBOE,34062
2021/01/06,AMZN,AMZN,S,CBOE,46637
2021/01/07,AMZN,AMZN,S,CBOE,43234
2021/01/08,AMZN,AMZN,S,CBOE,50326
2021/01/11,AMZN,AMZN,S,CBOE,42241
2021/01/12,AMZN,AMZN,S,CBOE,35122
2021/01/13,AMZN,AMZN,S,CBOE,42579
2021/01/14,AMZN,AMZN,S,CBOE,42367
2021/01/15,AMZN,AMZN,S,CBOE,66813
2021/01/19,AMZN,AMZN,S,CBOE,38815
2021/01/20,AMZN,AMZN,S,CBOE,70510
2021/01/21,AMZN,AMZN,S,CBOE,66475
2021/01/22,AMZN,AMZN,S,CBOE,47404
2021/01/25,AMZN,AMZN,S,CBOE,36902
2021/01/26,AMZN,AMZN,S,CBOE,27064
2021/01/27,AMZN,AMZN,S,CBOE,29599
2021/01/28,AMZN,AMZN,S,CBOE,33390
2021/01/29,AMZN,AMZN,S,CBOE,49249
2021/02/01,AMZN,AMZN,S,CBOE,39553
2021/02/02,AMZN,AMZN,S,CBOE,58785
2021/02/03,AMZN,AMZN,S,CBOE,58394
2021/02/04,AMZN,AMZN,S,CBOE,45677
2021/02/05,AMZN,AMZN,S,CBOE,52258
2021/02/08,AMZN,AMZN,S,CBOE,34708
2021/02/09,AMZN,AMZN,S,CBOE,19462
2021/02/10,AMZN,AMZN,S,CBOE,27727
2021/02/11,AMZN,AMZN,S,CBOE,28636
2021/02/12,AMZN,AMZN,S,CBOE,47309
2021/02/16,AMZN,AMZN,S,CBOE,26989
2021/02/17,AMZN,AMZN,S,CBOE,37548
2021/02/18,AMZN,AMZN,S,CBOE,37651
2021/02/19,AMZN,AMZN,S,CBOE,50691
2021/02/22,AMZN,AMZN,S,CBOE,35072
2021/02/23,AMZN,AMZN,S,CBOE,36968
2021/02/24,AMZN,AMZN,S,CBOE,25158
2021/02/25,AMZN,AMZN,S,CBOE,52368
2021/02/26,AMZN,AMZN,S,CBOE,50601
2021/03/01,AMZN,AMZN,S,CBOE,25502
2021/03/02,AMZN,AMZN,S,CBOE,21075
2021/03/03,AMZN,AMZN,S,CBOE,35320
2021/03/04,AMZN,AMZN,S,CBOE,47644
2021/03/05,AMZN,AMZN,S,CBOE,51709
2021/03/08,AMZN,AMZN,S,CBOE,27217
2021/03/09,AMZN,AMZN,S,CBOE,26445
2021/03/10,AMZN,AMZN,S,CBOE,20120
2021/03/11,AMZN,AMZN,S,CBOE,30089
2021/03/12,AMZN,AMZN,S,CBOE,35305
2021/03/15,AMZN,AMZN,S,CBOE,18860
2021/03/16,AMZN,AMZN,S,CBOE,29134
2021/03/17,AMZN,AMZN,S,CBOE,31552
2021/03/18,AMZN,AMZN,S,CBOE,31408
2021/03/19,AMZN,AMZN,S,CBOE,41099
2021/03/22,AMZN,AMZN,S,CBOE,22624
2021/03/23,AMZN,AMZN,S,CBOE,34619
2021/03/24,AMZN,AMZN,S,CBOE,32617
2021/03/25,AMZN,AMZN,S,CBOE,39502
2021/03/26,AMZN,AMZN,S,CBOE,47969
2021/03/29,AMZN,AMZN,S,CBOE,25306
2021/03/30,AMZN,AMZN,S,CBOE,21624
2021/03/31,AMZN,AMZN,S,CBOE,33116
2021/04/01,AMZN,AMZN,S,CBOE,49077
2021/04/05,AMZN,AMZN,S,CBOE,51387
2021/04/06,AMZN,AMZN,S,CBOE,38581
2021/04/07,AMZN,AMZN,S,CBOE,39677
2021/04/08,AMZN,AMZN,S,CBOE,33046
2021/04/09,AMZN,AMZN,S,CBOE,75656
2021/04/12,AMZN,AMZN,S,CBOE,31981
2021/04/13,AMZN,AMZN,S,CBOE,42279
2021/04/14,AMZN,AMZN,S,CBOE,34265
2021/04/15,AMZN,AMZN,S,CBOE,44603
2021/04/16,AMZN,AMZN,S,CBOE,67613
2021/04/19,AMZN,AMZN,S,CBOE,33977
2021/04/20,AMZN,AMZN,S,CBOE,31673
2021/04/21,AMZN,AMZN,S,CBOE,27990
2021/04/22,AMZN,AMZN,S,CBOE,43910
2021/04/23,AMZN,AMZN,S,CBOE,48352
2021/04/26,AMZN,AMZN,S,CBOE,38950
2021/04/27,AMZN,AMZN,S,CBOE,31517
2021/04/28,AMZN,AMZN,S,CBOE,38929
2021/04/29,AMZN,AMZN,S,CBOE,52784
2021/04/30,AMZN,AMZN,S,CBOE,74628
2021/05/03,AMZN,AMZN,S,CBOE,48930
2021/05/04,AMZN,AMZN,S,CBOE,46139
2021/05/05,AMZN,AMZN,S,CBOE,30879
2021/05/06,AMZN,AMZN,S,CBOE,35390
2021/05/07,AMZN,AMZN,S,CBOE,48163
2021/05/10,AMZN,AMZN,S,CBOE,34050
2021/05/11,AMZN,AMZN,S,CBOE,32776
2021/05/12,AMZN,AMZN,S,CBOE,28042
2021/05/13,AMZN,AMZN,S,CBOE,28856
2021/05/14,AMZN,AMZN,S,CBOE,42099
2021/05/17,AMZN,AMZN,S,CBOE,27309
2021/05/18,AMZN,AMZN,S,CBOE,28662
2021/05/19,AMZN,AMZN,S,CBOE,23762
2021/05/20,AMZN,AMZN,S,CBOE,29177
2021/05/21,AMZN,AMZN,S,CBOE,52280
2021/05/24,AMZN,AMZN,S,CBOE,24697
2021/05/25,AMZN,AMZN,S,CBOE,29113
2021/05/26,AMZN,AMZN,S,CBOE,30342
2021/05/27,AMZN,AMZN,S,CBOE,26960
2021/05/28,AMZN,AMZN,S,CBOE,39024
2021/06/01,AMZN,AMZN,S,CBOE,23655
2021/06/02,AMZN,AMZN,S,CBOE,27204
2021/06/03,AMZN,AMZN,S,CBOE,29766
2021/06/04,AMZN,AMZN,S,CBOE,39717
2021/06/07,AMZN,AMZN,S,CBOE,30818
2021/06/08,AMZN,AMZN,S,CBOE,46955
2021/06/09,AMZN,AMZN,S,CBOE,37599
2021/06/10,AMZN,AMZN,S,CBOE,58505
2021/06/11,AMZN,AMZN,S,CBOE,60557
2021/06/14,AMZN,AMZN,S,CBOE,28437
2021/06/15,AMZN,AMZN,S,CBOE,25605
2021/06/16,AMZN,AMZN,S,CBOE,41119
2021/06/17,AMZN,AMZN,S,CBOE,64290
2021/06/18,AMZN,AMZN,S,CBOE,60568
2021/06/21,AMZN,AMZN,S,CBOE,40606
2021/06/22,AMZN,AMZN,S,CBOE,49965
2021/06/23,AMZN,AMZN,S,CBOE,37219
2021/06/24,AMZN,AMZN,S,CBOE,63513
2021/06/25,AMZN,AMZN,S,CBOE,68512
2021/06/28,AMZN,AMZN,S,CBOE,30395
2021/06/29,AMZN,AMZN,S,CBOE,27818
2021/06/30,AMZN,AMZN,S,CBOE,30640
2021/07/01,AMZN,AMZN,S,CBOE,36146
2021/07/02,AMZN,AMZN,S,CBOE,76067
2021/07/06,AMZN,AMZN,S,CBOE,97339
2021/07/07,AMZN,AMZN,S,CBOE,47910
2021/07/08,AMZN,AMZN,S,CBOE,57115
2021/07/09,AMZN,AMZN,S,CBOE,53169
2021/07/12,AMZN,AMZN,S,CBOE,29255
2021/07/13,AMZN,AMZN,S,CBOE,44325
2021/07/14,AMZN,AMZN,S,CBOE,42825
2021/07/15,AMZN,AMZN,S,CBOE,49605
2021/07/16,AMZN,AMZN,S,CBOE,68940
2021/07/19,AMZN,AMZN,S,CBOE,34462
2021/07/20,AMZN,AMZN,S,CBOE,27904
2021/07/21,AMZN,AMZN,S,CBOE,21428
2021/07/22,AMZN,AMZN,S,CBOE,43119
2021/07/23,AMZN,AMZN,S,CBOE,40971
2021/07/26,AMZN,AMZN,S,CBOE,20649
2021/07/27,AMZN,AMZN,S,CBOE,19656
2021/07/28,AMZN,AMZN,S,CBOE,16128
2021/07/29,AMZN,AMZN,S,CBOE,45882
2021/07/30,AMZN,AMZN,S,CBOE,116354
2021/08/02,AMZN,AMZN,S,CBOE,30252
2021/08/03,AMZN,AMZN,S,CBOE,41924
2021/08/04,AMZN,AMZN,S,CBOE,25498
2021/08/05,AMZN,AMZN,S,CBOE,29854
2021/08/06,AMZN,AMZN,S,CBOE,38428
2021/08/09,AMZN,AMZN,S,CBOE,26133
